{"header":{"lastUser":"Arx Level Generator - version 0.17.0","time":1673996208,"posEdit":{"x":0,"y":-180,"z":0},"angleEdit":{"a":0,"b":-90,"g":0},"numberOfBackgroundPolygons":572},"scene":{"levelIdx":1},"fogs":[],"paths":[],"zones":[{"name":"play \"none\"","height":10,"ambience":"none","ambienceMaxVolume":100,"points":[{"pos":{"x":2900,"y":-10,"z":850},"type":0,"time":0},{"pos":{"x":-200,"y":-10,"z":850},"type":0,"time":0},{"pos":{"x":-200,"y":-10,"z":-850},"type":0,"time":0},{"pos":{"x":2900,"y":-10,"z":-850},"type":0,"time":0}]},{"name":"play \"ambient_blackthing\"","height":50,"ambience":"ambient_blackthing","ambienceMaxVolume":100,"points":[{"pos":{"x":200,"y":-30,"z":-550},"type":0,"time":0},{"pos":{"x":100,"y":-30,"z":-550},"type":0,"time":0},{"pos":{"x":100,"y":-30,"z":-650},"type":0,"time":0},{"pos":{"x":200,"y":-30,"z":-650},"type":0,"time":0}]},{"name":"play \"ambient_bunker_akbaa\"","height":50,"ambience":"ambient_bunker_akbaa","ambienceMaxVolume":100,"points":[{"pos":{"x":200,"y":-30,"z":-250},"type":0,"time":0},{"pos":{"x":100,"y":-30,"z":-250},"type":0,"time":0},{"pos":{"x":100,"y":-30,"z":-350},"type":0,"time":0},{"pos":{"x":200,"y":-30,"z":-350},"type":0,"time":0}]},{"name":"play \"ambient_bunker\"","height":50,"ambience":"ambient_bunker","ambienceMaxVolume":100,"points":[{"pos":{"x":200,"y":-30,"z":50},"type":0,"time":0},{"pos":{"x":100,"y":-30,"z":50},"type":0,"time":0},{"pos":{"x":100,"y":-30,"z":-50},"type":0,"time":0},{"pos":{"x":200,"y":-30,"z":-50},"type":0,"time":0}]},{"name":"play \"ambient_castle\"","height":50,"ambience":"ambient_castle","ambienceMaxVolume":100,"points":[{"pos":{"x":200,"y":-30,"z":350},"type":0,"time":0},{"pos":{"x":100,"y":-30,"z":350},"type":0,"time":0},{"pos":{"x":100,"y":-30,"z":250},"type":0,"time":0},{"pos":{"x":200,"y":-30,"z":250},"type":0,"time":0}]},{"name":"play \"ambient_cave_a\"","height":50,"ambience":"ambient_cave_a","ambienceMaxVolume":100,"points":[{"pos":{"x":200,"y":-30,"z":650},"type":0,"time":0},{"pos":{"x":100,"y":-30,"z":650},"type":0,"time":0},{"pos":{"x":100,"y":-30,"z":550},"type":0,"time":0},{"pos":{"x":200,"y":-30,"z":550},"type":0,"time":0}]},{"name":"play \"ambient_cave_b\"","height":50,"ambience":"ambient_cave_b","ambienceMaxVolume":100,"points":[{"pos":{"x":500,"y":-30,"z":-550},"type":0,"time":0},{"pos":{"x":400,"y":-30,"z":-550},"type":0,"time":0},{"pos":{"x":400,"y":-30,"z":-650},"type":0,"time":0},{"pos":{"x":500,"y":-30,"z":-650},"type":0,"time":0}]},{"name":"play \"ambient_cave_frozen\"","height":50,"ambience":"ambient_cave_frozen","ambienceMaxVolume":100,"points":[{"pos":{"x":500,"y":-30,"z":-250},"type":0,"time":0},{"pos":{"x":400,"y":-30,"z":-250},"type":0,"time":0},{"pos":{"x":400,"y":-30,"z":-350},"type":0,"time":0},{"pos":{"x":500,"y":-30,"z":-350},"type":0,"time":0}]},{"name":"play \"ambient_cave_greu\"","height":50,"ambience":"ambient_cave_greu","ambienceMaxVolume":100,"points":[{"pos":{"x":500,"y":-30,"z":50},"type":0,"time":0},{"pos":{"x":400,"y":-30,"z":50},"type":0,"time":0},{"pos":{"x":400,"y":-30,"z":-50},"type":0,"time":0},{"pos":{"x":500,"y":-30,"z":-50},"type":0,"time":0}]},{"name":"play \"ambient_cave_lava\"","height":50,"ambience":"ambient_cave_lava","ambienceMaxVolume":100,"points":[{"pos":{"x":500,"y":-30,"z":350},"type":0,"time":0},{"pos":{"x":400,"y":-30,"z":350},"type":0,"time":0},{"pos":{"x":400,"y":-30,"z":250},"type":0,"time":0},{"pos":{"x":500,"y":-30,"z":250},"type":0,"time":0}]},{"name":"play \"ambient_cave_worm\"","height":50,"ambience":"ambient_cave_worm","ambienceMaxVolume":100,"points":[{"pos":{"x":500,"y":-30,"z":650},"type":0,"time":0},{"pos":{"x":400,"y":-30,"z":650},"type":0,"time":0},{"pos":{"x":400,"y":-30,"z":550},"type":0,"time":0},{"pos":{"x":500,"y":-30,"z":550},"type":0,"time":0}]},{"name":"play \"ambient_credits\"","height":50,"ambience":"ambient_credits","ambienceMaxVolume":100,"points":[{"pos":{"x":800,"y":-30,"z":-550},"type":0,"time":0},{"pos":{"x":700,"y":-30,"z":-550},"type":0,"time":0},{"pos":{"x":700,"y":-30,"z":-650},"type":0,"time":0},{"pos":{"x":800,"y":-30,"z":-650},"type":0,"time":0}]},{"name":"play \"ambient_crypt_a\"","height":50,"ambience":"ambient_crypt_a","ambienceMaxVolume":100,"points":[{"pos":{"x":800,"y":-30,"z":-250},"type":0,"time":0},{"pos":{"x":700,"y":-30,"z":-250},"type":0,"time":0},{"pos":{"x":700,"y":-30,"z":-350},"type":0,"time":0},{"pos":{"x":800,"y":-30,"z":-350},"type":0,"time":0}]},{"name":"play \"ambient_crypt_b\"","height":50,"ambience":"ambient_crypt_b","ambienceMaxVolume":100,"points":[{"pos":{"x":800,"y":-30,"z":50},"type":0,"time":0},{"pos":{"x":700,"y":-30,"z":50},"type":0,"time":0},{"pos":{"x":700,"y":-30,"z":-50},"type":0,"time":0},{"pos":{"x":800,"y":-30,"z":-50},"type":0,"time":0}]},{"name":"play \"ambient_crypt_c\"","height":50,"ambience":"ambient_crypt_c","ambienceMaxVolume":100,"points":[{"pos":{"x":800,"y":-30,"z":350},"type":0,"time":0},{"pos":{"x":700,"y":-30,"z":350},"type":0,"time":0},{"pos":{"x":700,"y":-30,"z":250},"type":0,"time":0},{"pos":{"x":800,"y":-30,"z":250},"type":0,"time":0}]},{"name":"play \"ambient_crypt_d\"","height":50,"ambience":"ambient_crypt_d","ambienceMaxVolume":100,"points":[{"pos":{"x":800,"y":-30,"z":650},"type":0,"time":0},{"pos":{"x":700,"y":-30,"z":650},"type":0,"time":0},{"pos":{"x":700,"y":-30,"z":550},"type":0,"time":0},{"pos":{"x":800,"y":-30,"z":550},"type":0,"time":0}]},{"name":"play \"ambient_crypt_e\"","height":50,"ambience":"ambient_crypt_e","ambienceMaxVolume":100,"points":[{"pos":{"x":1100,"y":-30,"z":-550},"type":0,"time":0},{"pos":{"x":1000,"y":-30,"z":-550},"type":0,"time":0},{"pos":{"x":1000,"y":-30,"z":-650},"type":0,"time":0},{"pos":{"x":1100,"y":-30,"z":-650},"type":0,"time":0}]},{"name":"play \"ambient_crypt_f\"","height":50,"ambience":"ambient_crypt_f","ambienceMaxVolume":100,"points":[{"pos":{"x":1100,"y":-30,"z":-250},"type":0,"time":0},{"pos":{"x":1000,"y":-30,"z":-250},"type":0,"time":0},{"pos":{"x":1000,"y":-30,"z":-350},"type":0,"time":0},{"pos":{"x":1100,"y":-30,"z":-350},"type":0,"time":0}]},{"name":"play \"ambient_crypt_lich\"","height":50,"ambience":"ambient_crypt_lich","ambienceMaxVolume":100,"points":[{"pos":{"x":1100,"y":-30,"z":50},"type":0,"time":0},{"pos":{"x":1000,"y":-30,"z":50},"type":0,"time":0},{"pos":{"x":1000,"y":-30,"z":-50},"type":0,"time":0},{"pos":{"x":1100,"y":-30,"z":-50},"type":0,"time":0}]},{"name":"play \"ambient_dramatic\"","height":50,"ambience":"ambient_dramatic","ambienceMaxVolume":100,"points":[{"pos":{"x":1100,"y":-30,"z":350},"type":0,"time":0},{"pos":{"x":1000,"y":-30,"z":350},"type":0,"time":0},{"pos":{"x":1000,"y":-30,"z":250},"type":0,"time":0},{"pos":{"x":1100,"y":-30,"z":250},"type":0,"time":0}]},{"name":"play \"ambient_dwarf\"","height":50,"ambience":"ambient_dwarf","ambienceMaxVolume":100,"points":[{"pos":{"x":1100,"y":-30,"z":650},"type":0,"time":0},{"pos":{"x":1000,"y":-30,"z":650},"type":0,"time":0},{"pos":{"x":1000,"y":-30,"z":550},"type":0,"time":0},{"pos":{"x":1100,"y":-30,"z":550},"type":0,"time":0}]},{"name":"play \"ambient_fight\"","height":50,"ambience":"ambient_fight","ambienceMaxVolume":100,"points":[{"pos":{"x":1400,"y":-30,"z":-550},"type":0,"time":0},{"pos":{"x":1300,"y":-30,"z":-550},"type":0,"time":0},{"pos":{"x":1300,"y":-30,"z":-650},"type":0,"time":0},{"pos":{"x":1400,"y":-30,"z":-650},"type":0,"time":0}]},{"name":"play \"ambient_fight_music\"","height":50,"ambience":"ambient_fight_music","ambienceMaxVolume":100,"points":[{"pos":{"x":1400,"y":-30,"z":-250},"type":0,"time":0},{"pos":{"x":1300,"y":-30,"z":-250},"type":0,"time":0},{"pos":{"x":1300,"y":-30,"z":-350},"type":0,"time":0},{"pos":{"x":1400,"y":-30,"z":-350},"type":0,"time":0}]},{"name":"play \"ambient_gob_castle\"","height":50,"ambience":"ambient_gob_castle","ambienceMaxVolume":100,"points":[{"pos":{"x":1400,"y":-30,"z":50},"type":0,"time":0},{"pos":{"x":1300,"y":-30,"z":50},"type":0,"time":0},{"pos":{"x":1300,"y":-30,"z":-50},"type":0,"time":0},{"pos":{"x":1400,"y":-30,"z":-50},"type":0,"time":0}]},{"name":"play \"ambient_gob_intro\"","height":50,"ambience":"ambient_gob_intro","ambienceMaxVolume":100,"points":[{"pos":{"x":1400,"y":-30,"z":350},"type":0,"time":0},{"pos":{"x":1300,"y":-30,"z":350},"type":0,"time":0},{"pos":{"x":1300,"y":-30,"z":250},"type":0,"time":0},{"pos":{"x":1400,"y":-30,"z":250},"type":0,"time":0}]},{"name":"play \"ambient_gob_jail_main\"","height":50,"ambience":"ambient_gob_jail_main","ambienceMaxVolume":100,"points":[{"pos":{"x":1400,"y":-30,"z":650},"type":0,"time":0},{"pos":{"x":1300,"y":-30,"z":650},"type":0,"time":0},{"pos":{"x":1300,"y":-30,"z":550},"type":0,"time":0},{"pos":{"x":1400,"y":-30,"z":550},"type":0,"time":0}]},{"name":"play \"ambient_gob_jail_stress\"","height":50,"ambience":"ambient_gob_jail_stress","ambienceMaxVolume":100,"points":[{"pos":{"x":1700,"y":-30,"z":-550},"type":0,"time":0},{"pos":{"x":1600,"y":-30,"z":-550},"type":0,"time":0},{"pos":{"x":1600,"y":-30,"z":-650},"type":0,"time":0},{"pos":{"x":1700,"y":-30,"z":-650},"type":0,"time":0}]},{"name":"play \"ambient_gob_ruin\"","height":50,"ambience":"ambient_gob_ruin","ambienceMaxVolume":100,"points":[{"pos":{"x":1700,"y":-30,"z":-250},"type":0,"time":0},{"pos":{"x":1600,"y":-30,"z":-250},"type":0,"time":0},{"pos":{"x":1600,"y":-30,"z":-350},"type":0,"time":0},{"pos":{"x":1700,"y":-30,"z":-350},"type":0,"time":0}]},{"name":"play \"Ambient_important_place\"","height":50,"ambience":"Ambient_important_place","ambienceMaxVolume":100,"points":[{"pos":{"x":1700,"y":-30,"z":50},"type":0,"time":0},{"pos":{"x":1600,"y":-30,"z":50},"type":0,"time":0},{"pos":{"x":1600,"y":-30,"z":-50},"type":0,"time":0},{"pos":{"x":1700,"y":-30,"z":-50},"type":0,"time":0}]},{"name":"play \"ambient_intro_a\"","height":50,"ambience":"ambient_intro_a","ambienceMaxVolume":100,"points":[{"pos":{"x":1700,"y":-30,"z":350},"type":0,"time":0},{"pos":{"x":1600,"y":-30,"z":350},"type":0,"time":0},{"pos":{"x":1600,"y":-30,"z":250},"type":0,"time":0},{"pos":{"x":1700,"y":-30,"z":250},"type":0,"time":0}]},{"name":"play \"ambient_intro\"","height":50,"ambience":"ambient_intro","ambienceMaxVolume":100,"points":[{"pos":{"x":1700,"y":-30,"z":650},"type":0,"time":0},{"pos":{"x":1600,"y":-30,"z":650},"type":0,"time":0},{"pos":{"x":1600,"y":-30,"z":550},"type":0,"time":0},{"pos":{"x":1700,"y":-30,"z":550},"type":0,"time":0}]},{"name":"play \"ambient_intro_b\"","height":50,"ambience":"ambient_intro_b","ambienceMaxVolume":100,"points":[{"pos":{"x":2000,"y":-30,"z":-550},"type":0,"time":0},{"pos":{"x":1900,"y":-30,"z":-550},"type":0,"time":0},{"pos":{"x":1900,"y":-30,"z":-650},"type":0,"time":0},{"pos":{"x":2000,"y":-30,"z":-650},"type":0,"time":0}]},{"name":"play \"ambient_menu\"","height":50,"ambience":"ambient_menu","ambienceMaxVolume":100,"points":[{"pos":{"x":2000,"y":-30,"z":-250},"type":0,"time":0},{"pos":{"x":1900,"y":-30,"z":-250},"type":0,"time":0},{"pos":{"x":1900,"y":-30,"z":-350},"type":0,"time":0},{"pos":{"x":2000,"y":-30,"z":-350},"type":0,"time":0}]},{"name":"play \"ambient_noden\"","height":50,"ambience":"ambient_noden","ambienceMaxVolume":100,"points":[{"pos":{"x":2000,"y":-30,"z":50},"type":0,"time":0},{"pos":{"x":1900,"y":-30,"z":50},"type":0,"time":0},{"pos":{"x":1900,"y":-30,"z":-50},"type":0,"time":0},{"pos":{"x":2000,"y":-30,"z":-50},"type":0,"time":0}]},{"name":"play \"ambient_outpost\"","height":50,"ambience":"ambient_outpost","ambienceMaxVolume":100,"points":[{"pos":{"x":2000,"y":-30,"z":350},"type":0,"time":0},{"pos":{"x":1900,"y":-30,"z":350},"type":0,"time":0},{"pos":{"x":1900,"y":-30,"z":250},"type":0,"time":0},{"pos":{"x":2000,"y":-30,"z":250},"type":0,"time":0}]},{"name":"play \"ambient_rebels_cool\"","height":50,"ambience":"ambient_rebels_cool","ambienceMaxVolume":100,"points":[{"pos":{"x":2000,"y":-30,"z":650},"type":0,"time":0},{"pos":{"x":1900,"y":-30,"z":650},"type":0,"time":0},{"pos":{"x":1900,"y":-30,"z":550},"type":0,"time":0},{"pos":{"x":2000,"y":-30,"z":550},"type":0,"time":0}]},{"name":"play \"ambient_rebels_intense\"","height":50,"ambience":"ambient_rebels_intense","ambienceMaxVolume":100,"points":[{"pos":{"x":2300,"y":-30,"z":-550},"type":0,"time":0},{"pos":{"x":2200,"y":-30,"z":-550},"type":0,"time":0},{"pos":{"x":2200,"y":-30,"z":-650},"type":0,"time":0},{"pos":{"x":2300,"y":-30,"z":-650},"type":0,"time":0}]},{"name":"play \"ambient_snake_castle\"","height":50,"ambience":"ambient_snake_castle","ambienceMaxVolume":100,"points":[{"pos":{"x":2300,"y":-30,"z":-250},"type":0,"time":0},{"pos":{"x":2200,"y":-30,"z":-250},"type":0,"time":0},{"pos":{"x":2200,"y":-30,"z":-350},"type":0,"time":0},{"pos":{"x":2300,"y":-30,"z":-350},"type":0,"time":0}]},{"name":"play \"ambient_snake_illusion\"","height":50,"ambience":"ambient_snake_illusion","ambienceMaxVolume":100,"points":[{"pos":{"x":2300,"y":-30,"z":50},"type":0,"time":0},{"pos":{"x":2200,"y":-30,"z":50},"type":0,"time":0},{"pos":{"x":2200,"y":-30,"z":-50},"type":0,"time":0},{"pos":{"x":2300,"y":-30,"z":-50},"type":0,"time":0}]},{"name":"play \"ambient_tavern\"","height":50,"ambience":"ambient_tavern","ambienceMaxVolume":100,"points":[{"pos":{"x":2300,"y":-30,"z":350},"type":0,"time":0},{"pos":{"x":2200,"y":-30,"z":350},"type":0,"time":0},{"pos":{"x":2200,"y":-30,"z":250},"type":0,"time":0},{"pos":{"x":2300,"y":-30,"z":250},"type":0,"time":0}]},{"name":"play \"ambient_temple_akbaa\"","height":50,"ambience":"ambient_temple_akbaa","ambienceMaxVolume":100,"points":[{"pos":{"x":2300,"y":-30,"z":650},"type":0,"time":0},{"pos":{"x":2200,"y":-30,"z":650},"type":0,"time":0},{"pos":{"x":2200,"y":-30,"z":550},"type":0,"time":0},{"pos":{"x":2300,"y":-30,"z":550},"type":0,"time":0}]},{"name":"play \"ambient_temple_akbaa_up\"","height":50,"ambience":"ambient_temple_akbaa_up","ambienceMaxVolume":100,"points":[{"pos":{"x":2600,"y":-30,"z":-550},"type":0,"time":0},{"pos":{"x":2500,"y":-30,"z":-550},"type":0,"time":0},{"pos":{"x":2500,"y":-30,"z":-650},"type":0,"time":0},{"pos":{"x":2600,"y":-30,"z":-650},"type":0,"time":0}]},{"name":"play \"ambient_town\"","height":50,"ambience":"ambient_town","ambienceMaxVolume":100,"points":[{"pos":{"x":2600,"y":-30,"z":-250},"type":0,"time":0},{"pos":{"x":2500,"y":-30,"z":-250},"type":0,"time":0},{"pos":{"x":2500,"y":-30,"z":-350},"type":0,"time":0},{"pos":{"x":2600,"y":-30,"z":-350},"type":0,"time":0}]},{"name":"play \"ambient_troll\"","height":50,"ambience":"ambient_troll","ambienceMaxVolume":100,"points":[{"pos":{"x":2600,"y":-30,"z":50},"type":0,"time":0},{"pos":{"x":2500,"y":-30,"z":50},"type":0,"time":0},{"pos":{"x":2500,"y":-30,"z":-50},"type":0,"time":0},{"pos":{"x":2600,"y":-30,"z":-50},"type":0,"time":0}]},{"name":"play \"reverb_test\"","height":50,"ambience":"reverb_test","ambienceMaxVolume":100,"points":[{"pos":{"x":2600,"y":-30,"z":350},"type":0,"time":0},{"pos":{"x":2500,"y":-30,"z":350},"type":0,"time":0},{"pos":{"x":2500,"y":-30,"z":250},"type":0,"time":0},{"pos":{"x":2600,"y":-30,"z":250},"type":0,"time":0}]},{"name":"play \"stress\"","height":50,"ambience":"stress","ambienceMaxVolume":100,"points":[{"pos":{"x":2600,"y":-30,"z":650},"type":0,"time":0},{"pos":{"x":2500,"y":-30,"z":650},"type":0,"time":0},{"pos":{"x":2500,"y":-30,"z":550},"type":0,"time":0},{"pos":{"x":2600,"y":-30,"z":550},"type":0,"time":0}]}],"interactiveObjects":[]}