{"header":{"lastUser":"Arx Level Generator - version unknown","time":1680988837,"posEdit":{"x":0,"y":-180,"z":0},"angleEdit":{"a":0,"b":-90,"g":0},"numberOfBackgroundPolygons":30228},"scene":{"levelIdx":1},"fogs":[],"paths":[],"zones":[{"name":"ambient_blackthing","height":100,"ambience":"ambient_blackthing","ambienceMaxVolume":100,"points":[{"pos":{"x":180,"y":-42.177242279052734,"z":-550},"type":0,"time":0},{"pos":{"x":100,"y":-42.177242279052734,"z":-550},"type":0,"time":0},{"pos":{"x":100,"y":-42.177242279052734,"z":-630},"type":0,"time":0},{"pos":{"x":180,"y":-42.177242279052734,"z":-630},"type":0,"time":0}]},{"name":"ambient_bunker_akbaa","height":100,"ambience":"ambient_bunker_akbaa","ambienceMaxVolume":100,"points":[{"pos":{"x":180,"y":-49.81544494628906,"z":-250},"type":0,"time":0},{"pos":{"x":100,"y":-49.81544494628906,"z":-250},"type":0,"time":0},{"pos":{"x":100,"y":-49.81544494628906,"z":-330},"type":0,"time":0},{"pos":{"x":180,"y":-49.81544494628906,"z":-330},"type":0,"time":0}]},{"name":"ambient_bunker","height":100,"ambience":"ambient_bunker","ambienceMaxVolume":100,"points":[{"pos":{"x":180,"y":-43.3166389465332,"z":50},"type":0,"time":0},{"pos":{"x":100,"y":-43.3166389465332,"z":50},"type":0,"time":0},{"pos":{"x":100,"y":-43.3166389465332,"z":-30},"type":0,"time":0},{"pos":{"x":180,"y":-43.3166389465332,"z":-30},"type":0,"time":0}]},{"name":"ambient_castle","height":100,"ambience":"ambient_castle","ambienceMaxVolume":100,"points":[{"pos":{"x":180,"y":-49.796138763427734,"z":350},"type":0,"time":0},{"pos":{"x":100,"y":-49.796138763427734,"z":350},"type":0,"time":0},{"pos":{"x":100,"y":-49.796138763427734,"z":270},"type":0,"time":0},{"pos":{"x":180,"y":-49.796138763427734,"z":270},"type":0,"time":0}]},{"name":"ambient_cave_a","height":100,"ambience":"ambient_cave_a","ambienceMaxVolume":100,"points":[{"pos":{"x":180,"y":-46.31721496582031,"z":650},"type":0,"time":0},{"pos":{"x":100,"y":-46.31721496582031,"z":650},"type":0,"time":0},{"pos":{"x":100,"y":-46.31721496582031,"z":570},"type":0,"time":0},{"pos":{"x":180,"y":-46.31721496582031,"z":570},"type":0,"time":0}]},{"name":"ambient_cave_b","height":100,"ambience":"ambient_cave_b","ambienceMaxVolume":100,"points":[{"pos":{"x":480,"y":-51.54798889160156,"z":-550},"type":0,"time":0},{"pos":{"x":400,"y":-51.54798889160156,"z":-550},"type":0,"time":0},{"pos":{"x":400,"y":-51.54798889160156,"z":-630},"type":0,"time":0},{"pos":{"x":480,"y":-51.54798889160156,"z":-630},"type":0,"time":0}]},{"name":"ambient_cave_frozen","height":100,"ambience":"ambient_cave_frozen","ambienceMaxVolume":100,"points":[{"pos":{"x":480,"y":-53.27864074707031,"z":-250},"type":0,"time":0},{"pos":{"x":400,"y":-53.27864074707031,"z":-250},"type":0,"time":0},{"pos":{"x":400,"y":-53.27864074707031,"z":-330},"type":0,"time":0},{"pos":{"x":480,"y":-53.27864074707031,"z":-330},"type":0,"time":0}]},{"name":"ambient_cave_greu","height":100,"ambience":"ambient_cave_greu","ambienceMaxVolume":100,"points":[{"pos":{"x":480,"y":-54.18233108520508,"z":50},"type":0,"time":0},{"pos":{"x":400,"y":-54.18233108520508,"z":50},"type":0,"time":0},{"pos":{"x":400,"y":-54.18233108520508,"z":-30},"type":0,"time":0},{"pos":{"x":480,"y":-54.18233108520508,"z":-30},"type":0,"time":0}]},{"name":"ambient_cave_lava","height":100,"ambience":"ambient_cave_lava","ambienceMaxVolume":100,"points":[{"pos":{"x":480,"y":-45.59300994873047,"z":350},"type":0,"time":0},{"pos":{"x":400,"y":-45.59300994873047,"z":350},"type":0,"time":0},{"pos":{"x":400,"y":-45.59300994873047,"z":270},"type":0,"time":0},{"pos":{"x":480,"y":-45.59300994873047,"z":270},"type":0,"time":0}]},{"name":"ambient_cave_worm","height":100,"ambience":"ambient_cave_worm","ambienceMaxVolume":100,"points":[{"pos":{"x":480,"y":-38.79384994506836,"z":650},"type":0,"time":0},{"pos":{"x":400,"y":-38.79384994506836,"z":650},"type":0,"time":0},{"pos":{"x":400,"y":-38.79384994506836,"z":570},"type":0,"time":0},{"pos":{"x":480,"y":-38.79384994506836,"z":570},"type":0,"time":0}]},{"name":"ambient_credits","height":100,"ambience":"ambient_credits","ambienceMaxVolume":100,"points":[{"pos":{"x":780,"y":-35.331787109375,"z":-550},"type":0,"time":0},{"pos":{"x":700,"y":-35.331787109375,"z":-550},"type":0,"time":0},{"pos":{"x":700,"y":-35.331787109375,"z":-630},"type":0,"time":0},{"pos":{"x":780,"y":-35.331787109375,"z":-630},"type":0,"time":0}]},{"name":"ambient_crypt_a","height":100,"ambience":"ambient_crypt_a","ambienceMaxVolume":100,"points":[{"pos":{"x":780,"y":-47.085472106933594,"z":-250},"type":0,"time":0},{"pos":{"x":700,"y":-47.085472106933594,"z":-250},"type":0,"time":0},{"pos":{"x":700,"y":-47.085472106933594,"z":-330},"type":0,"time":0},{"pos":{"x":780,"y":-47.085472106933594,"z":-330},"type":0,"time":0}]},{"name":"ambient_crypt_b","height":100,"ambience":"ambient_crypt_b","ambienceMaxVolume":100,"points":[{"pos":{"x":780,"y":-38.60200500488281,"z":50},"type":0,"time":0},{"pos":{"x":700,"y":-38.60200500488281,"z":50},"type":0,"time":0},{"pos":{"x":700,"y":-38.60200500488281,"z":-30},"type":0,"time":0},{"pos":{"x":780,"y":-38.60200500488281,"z":-30},"type":0,"time":0}]},{"name":"ambient_crypt_c","height":100,"ambience":"ambient_crypt_c","ambienceMaxVolume":100,"points":[{"pos":{"x":780,"y":-45.18098068237305,"z":350},"type":0,"time":0},{"pos":{"x":700,"y":-45.18098068237305,"z":350},"type":0,"time":0},{"pos":{"x":700,"y":-45.18098068237305,"z":270},"type":0,"time":0},{"pos":{"x":780,"y":-45.18098068237305,"z":270},"type":0,"time":0}]},{"name":"ambient_crypt_d","height":100,"ambience":"ambient_crypt_d","ambienceMaxVolume":100,"points":[{"pos":{"x":780,"y":-38.129547119140625,"z":650},"type":0,"time":0},{"pos":{"x":700,"y":-38.129547119140625,"z":650},"type":0,"time":0},{"pos":{"x":700,"y":-38.129547119140625,"z":570},"type":0,"time":0},{"pos":{"x":780,"y":-38.129547119140625,"z":570},"type":0,"time":0}]},{"name":"ambient_crypt_e","height":100,"ambience":"ambient_crypt_e","ambienceMaxVolume":100,"points":[{"pos":{"x":1080,"y":-53.37914276123047,"z":-550},"type":0,"time":0},{"pos":{"x":1000,"y":-53.37914276123047,"z":-550},"type":0,"time":0},{"pos":{"x":1000,"y":-53.37914276123047,"z":-630},"type":0,"time":0},{"pos":{"x":1080,"y":-53.37914276123047,"z":-630},"type":0,"time":0}]},{"name":"ambient_crypt_f","height":100,"ambience":"ambient_crypt_f","ambienceMaxVolume":100,"points":[{"pos":{"x":1080,"y":-41.064697265625,"z":-250},"type":0,"time":0},{"pos":{"x":1000,"y":-41.064697265625,"z":-250},"type":0,"time":0},{"pos":{"x":1000,"y":-41.064697265625,"z":-330},"type":0,"time":0},{"pos":{"x":1080,"y":-41.064697265625,"z":-330},"type":0,"time":0}]},{"name":"ambient_crypt_lich","height":100,"ambience":"ambient_crypt_lich","ambienceMaxVolume":100,"points":[{"pos":{"x":1080,"y":-49.23123550415039,"z":50},"type":0,"time":0},{"pos":{"x":1000,"y":-49.23123550415039,"z":50},"type":0,"time":0},{"pos":{"x":1000,"y":-49.23123550415039,"z":-30},"type":0,"time":0},{"pos":{"x":1080,"y":-49.23123550415039,"z":-30},"type":0,"time":0}]},{"name":"ambient_dramatic","height":100,"ambience":"ambient_dramatic","ambienceMaxVolume":100,"points":[{"pos":{"x":1080,"y":-39.55561447143555,"z":350},"type":0,"time":0},{"pos":{"x":1000,"y":-39.55561447143555,"z":350},"type":0,"time":0},{"pos":{"x":1000,"y":-39.55561447143555,"z":270},"type":0,"time":0},{"pos":{"x":1080,"y":-39.55561447143555,"z":270},"type":0,"time":0}]},{"name":"ambient_dwarf","height":100,"ambience":"ambient_dwarf","ambienceMaxVolume":100,"points":[{"pos":{"x":1080,"y":-35.150970458984375,"z":650},"type":0,"time":0},{"pos":{"x":1000,"y":-35.150970458984375,"z":650},"type":0,"time":0},{"pos":{"x":1000,"y":-35.150970458984375,"z":570},"type":0,"time":0},{"pos":{"x":1080,"y":-35.150970458984375,"z":570},"type":0,"time":0}]},{"name":"ambient_fight","height":100,"ambience":"ambient_fight","ambienceMaxVolume":100,"points":[{"pos":{"x":1380,"y":-52.18696975708008,"z":-550},"type":0,"time":0},{"pos":{"x":1300,"y":-52.18696975708008,"z":-550},"type":0,"time":0},{"pos":{"x":1300,"y":-52.18696975708008,"z":-630},"type":0,"time":0},{"pos":{"x":1380,"y":-52.18696975708008,"z":-630},"type":0,"time":0}]},{"name":"ambient_fight_music","height":100,"ambience":"ambient_fight_music","ambienceMaxVolume":100,"points":[{"pos":{"x":1380,"y":-39.36153793334961,"z":-250},"type":0,"time":0},{"pos":{"x":1300,"y":-39.36153793334961,"z":-250},"type":0,"time":0},{"pos":{"x":1300,"y":-39.36153793334961,"z":-330},"type":0,"time":0},{"pos":{"x":1380,"y":-39.36153793334961,"z":-330},"type":0,"time":0}]},{"name":"ambient_gob_castle","height":100,"ambience":"ambient_gob_castle","ambienceMaxVolume":100,"points":[{"pos":{"x":1380,"y":-54.67634201049805,"z":50},"type":0,"time":0},{"pos":{"x":1300,"y":-54.67634201049805,"z":50},"type":0,"time":0},{"pos":{"x":1300,"y":-54.67634201049805,"z":-30},"type":0,"time":0},{"pos":{"x":1380,"y":-54.67634201049805,"z":-30},"type":0,"time":0}]},{"name":"ambient_gob_intro","height":100,"ambience":"ambient_gob_intro","ambienceMaxVolume":100,"points":[{"pos":{"x":1380,"y":-48.832035064697266,"z":350},"type":0,"time":0},{"pos":{"x":1300,"y":-48.832035064697266,"z":350},"type":0,"time":0},{"pos":{"x":1300,"y":-48.832035064697266,"z":270},"type":0,"time":0},{"pos":{"x":1380,"y":-48.832035064697266,"z":270},"type":0,"time":0}]},{"name":"ambient_gob_jail_main","height":100,"ambience":"ambient_gob_jail_main","ambienceMaxVolume":100,"points":[{"pos":{"x":1380,"y":-40.193790435791016,"z":650},"type":0,"time":0},{"pos":{"x":1300,"y":-40.193790435791016,"z":650},"type":0,"time":0},{"pos":{"x":1300,"y":-40.193790435791016,"z":570},"type":0,"time":0},{"pos":{"x":1380,"y":-40.193790435791016,"z":570},"type":0,"time":0}]},{"name":"ambient_gob_jail_stress","height":100,"ambience":"ambient_gob_jail_stress","ambienceMaxVolume":100,"points":[{"pos":{"x":1680,"y":-46.1644287109375,"z":-550},"type":0,"time":0},{"pos":{"x":1600,"y":-46.1644287109375,"z":-550},"type":0,"time":0},{"pos":{"x":1600,"y":-46.1644287109375,"z":-630},"type":0,"time":0},{"pos":{"x":1680,"y":-46.1644287109375,"z":-630},"type":0,"time":0}]},{"name":"ambient_gob_ruin","height":100,"ambience":"ambient_gob_ruin","ambienceMaxVolume":100,"points":[{"pos":{"x":1680,"y":-46.72343826293945,"z":-250},"type":0,"time":0},{"pos":{"x":1600,"y":-46.72343826293945,"z":-250},"type":0,"time":0},{"pos":{"x":1600,"y":-46.72343826293945,"z":-330},"type":0,"time":0},{"pos":{"x":1680,"y":-46.72343826293945,"z":-330},"type":0,"time":0}]},{"name":"Ambient_important_place","height":100,"ambience":"Ambient_important_place","ambienceMaxVolume":100,"points":[{"pos":{"x":1680,"y":-40.05400085449219,"z":50},"type":0,"time":0},{"pos":{"x":1600,"y":-40.05400085449219,"z":50},"type":0,"time":0},{"pos":{"x":1600,"y":-40.05400085449219,"z":-30},"type":0,"time":0},{"pos":{"x":1680,"y":-40.05400085449219,"z":-30},"type":0,"time":0}]},{"name":"ambient_intro_a","height":100,"ambience":"ambient_intro_a","ambienceMaxVolume":100,"points":[{"pos":{"x":1680,"y":-38.36811065673828,"z":350},"type":0,"time":0},{"pos":{"x":1600,"y":-38.36811065673828,"z":350},"type":0,"time":0},{"pos":{"x":1600,"y":-38.36811065673828,"z":270},"type":0,"time":0},{"pos":{"x":1680,"y":-38.36811065673828,"z":270},"type":0,"time":0}]},{"name":"ambient_intro","height":100,"ambience":"ambient_intro","ambienceMaxVolume":100,"points":[{"pos":{"x":1680,"y":-44.368896484375,"z":650},"type":0,"time":0},{"pos":{"x":1600,"y":-44.368896484375,"z":650},"type":0,"time":0},{"pos":{"x":1600,"y":-44.368896484375,"z":570},"type":0,"time":0},{"pos":{"x":1680,"y":-44.368896484375,"z":570},"type":0,"time":0}]},{"name":"ambient_intro_b","height":100,"ambience":"ambient_intro_b","ambienceMaxVolume":100,"points":[{"pos":{"x":1980,"y":-44.430728912353516,"z":-550},"type":0,"time":0},{"pos":{"x":1900,"y":-44.430728912353516,"z":-550},"type":0,"time":0},{"pos":{"x":1900,"y":-44.430728912353516,"z":-630},"type":0,"time":0},{"pos":{"x":1980,"y":-44.430728912353516,"z":-630},"type":0,"time":0}]},{"name":"ambient_menu","height":100,"ambience":"ambient_menu","ambienceMaxVolume":100,"points":[{"pos":{"x":1980,"y":-40.20209503173828,"z":-250},"type":0,"time":0},{"pos":{"x":1900,"y":-40.20209503173828,"z":-250},"type":0,"time":0},{"pos":{"x":1900,"y":-40.20209503173828,"z":-330},"type":0,"time":0},{"pos":{"x":1980,"y":-40.20209503173828,"z":-330},"type":0,"time":0}]},{"name":"ambient_noden","height":100,"ambience":"ambient_noden","ambienceMaxVolume":100,"points":[{"pos":{"x":1980,"y":-40.453529357910156,"z":50},"type":0,"time":0},{"pos":{"x":1900,"y":-40.453529357910156,"z":50},"type":0,"time":0},{"pos":{"x":1900,"y":-40.453529357910156,"z":-30},"type":0,"time":0},{"pos":{"x":1980,"y":-40.453529357910156,"z":-30},"type":0,"time":0}]},{"name":"ambient_outpost","height":100,"ambience":"ambient_outpost","ambienceMaxVolume":100,"points":[{"pos":{"x":1980,"y":-40.89500045776367,"z":350},"type":0,"time":0},{"pos":{"x":1900,"y":-40.89500045776367,"z":350},"type":0,"time":0},{"pos":{"x":1900,"y":-40.89500045776367,"z":270},"type":0,"time":0},{"pos":{"x":1980,"y":-40.89500045776367,"z":270},"type":0,"time":0}]},{"name":"ambient_rebels_cool","height":100,"ambience":"ambient_rebels_cool","ambienceMaxVolume":100,"points":[{"pos":{"x":1980,"y":-36.51911926269531,"z":650},"type":0,"time":0},{"pos":{"x":1900,"y":-36.51911926269531,"z":650},"type":0,"time":0},{"pos":{"x":1900,"y":-36.51911926269531,"z":570},"type":0,"time":0},{"pos":{"x":1980,"y":-36.51911926269531,"z":570},"type":0,"time":0}]},{"name":"ambient_rebels_intense","height":100,"ambience":"ambient_rebels_intense","ambienceMaxVolume":100,"points":[{"pos":{"x":2280,"y":-40.18412399291992,"z":-550},"type":0,"time":0},{"pos":{"x":2200,"y":-40.18412399291992,"z":-550},"type":0,"time":0},{"pos":{"x":2200,"y":-40.18412399291992,"z":-630},"type":0,"time":0},{"pos":{"x":2280,"y":-40.18412399291992,"z":-630},"type":0,"time":0}]},{"name":"ambient_snake_castle","height":100,"ambience":"ambient_snake_castle","ambienceMaxVolume":100,"points":[{"pos":{"x":2280,"y":-49.744266510009766,"z":-250},"type":0,"time":0},{"pos":{"x":2200,"y":-49.744266510009766,"z":-250},"type":0,"time":0},{"pos":{"x":2200,"y":-49.744266510009766,"z":-330},"type":0,"time":0},{"pos":{"x":2280,"y":-49.744266510009766,"z":-330},"type":0,"time":0}]},{"name":"ambient_snake_illusion","height":100,"ambience":"ambient_snake_illusion","ambienceMaxVolume":100,"points":[{"pos":{"x":2280,"y":-43.7177848815918,"z":50},"type":0,"time":0},{"pos":{"x":2200,"y":-43.7177848815918,"z":50},"type":0,"time":0},{"pos":{"x":2200,"y":-43.7177848815918,"z":-30},"type":0,"time":0},{"pos":{"x":2280,"y":-43.7177848815918,"z":-30},"type":0,"time":0}]},{"name":"ambient_tavern","height":100,"ambience":"ambient_tavern","ambienceMaxVolume":100,"points":[{"pos":{"x":2280,"y":-45.34262466430664,"z":350},"type":0,"time":0},{"pos":{"x":2200,"y":-45.34262466430664,"z":350},"type":0,"time":0},{"pos":{"x":2200,"y":-45.34262466430664,"z":270},"type":0,"time":0},{"pos":{"x":2280,"y":-45.34262466430664,"z":270},"type":0,"time":0}]},{"name":"ambient_temple_akbaa","height":100,"ambience":"ambient_temple_akbaa","ambienceMaxVolume":100,"points":[{"pos":{"x":2280,"y":-36.91422653198242,"z":650},"type":0,"time":0},{"pos":{"x":2200,"y":-36.91422653198242,"z":650},"type":0,"time":0},{"pos":{"x":2200,"y":-36.91422653198242,"z":570},"type":0,"time":0},{"pos":{"x":2280,"y":-36.91422653198242,"z":570},"type":0,"time":0}]},{"name":"ambient_temple_akbaa_up","height":100,"ambience":"ambient_temple_akbaa_up","ambienceMaxVolume":100,"points":[{"pos":{"x":2580,"y":-43.3662109375,"z":-550},"type":0,"time":0},{"pos":{"x":2500,"y":-43.3662109375,"z":-550},"type":0,"time":0},{"pos":{"x":2500,"y":-43.3662109375,"z":-630},"type":0,"time":0},{"pos":{"x":2580,"y":-43.3662109375,"z":-630},"type":0,"time":0}]},{"name":"ambient_town","height":100,"ambience":"ambient_town","ambienceMaxVolume":100,"points":[{"pos":{"x":2580,"y":-52.56992721557617,"z":-250},"type":0,"time":0},{"pos":{"x":2500,"y":-52.56992721557617,"z":-250},"type":0,"time":0},{"pos":{"x":2500,"y":-52.56992721557617,"z":-330},"type":0,"time":0},{"pos":{"x":2580,"y":-52.56992721557617,"z":-330},"type":0,"time":0}]},{"name":"ambient_troll","height":100,"ambience":"ambient_troll","ambienceMaxVolume":100,"points":[{"pos":{"x":2580,"y":-37.13260269165039,"z":50},"type":0,"time":0},{"pos":{"x":2500,"y":-37.13260269165039,"z":50},"type":0,"time":0},{"pos":{"x":2500,"y":-37.13260269165039,"z":-30},"type":0,"time":0},{"pos":{"x":2580,"y":-37.13260269165039,"z":-30},"type":0,"time":0}]},{"name":"reverb_test","height":100,"ambience":"reverb_test","ambienceMaxVolume":100,"points":[{"pos":{"x":2580,"y":-49.022586822509766,"z":350},"type":0,"time":0},{"pos":{"x":2500,"y":-49.022586822509766,"z":350},"type":0,"time":0},{"pos":{"x":2500,"y":-49.022586822509766,"z":270},"type":0,"time":0},{"pos":{"x":2580,"y":-49.022586822509766,"z":270},"type":0,"time":0}]},{"name":"stress","height":100,"ambience":"stress","ambienceMaxVolume":100,"points":[{"pos":{"x":2580,"y":-46.08894348144531,"z":650},"type":0,"time":0},{"pos":{"x":2500,"y":-46.08894348144531,"z":650},"type":0,"time":0},{"pos":{"x":2500,"y":-46.08894348144531,"z":570},"type":0,"time":0},{"pos":{"x":2580,"y":-46.08894348144531,"z":570},"type":0,"time":0}]},{"name":"none","backgroundColor":{"r":68,"g":68,"b":68,"a":1},"height":10,"ambience":"none","ambienceMaxVolume":100,"points":[{"pos":{"x":2900,"y":-20,"z":850},"type":0,"time":0},{"pos":{"x":-200,"y":-20,"z":850},"type":0,"time":0},{"pos":{"x":-200,"y":-20,"z":-850},"type":0,"time":0},{"pos":{"x":2900,"y":-20,"z":-850},"type":0,"time":0}]}],"interactiveObjects":[{"identifier":1,"name":"system/marker","pos":{"x":0,"y":0,"z":0},"angle":{"a":0,"b":0,"g":0}},{"identifier":2,"name":"system/marker","pos":{"x":150,"y":10,"z":-600},"angle":{"a":0,"b":0,"g":0}},{"identifier":3,"name":"system/marker","pos":{"x":150,"y":10,"z":-300},"angle":{"a":0,"b":0,"g":0}},{"identifier":4,"name":"system/marker","pos":{"x":150,"y":10,"z":0},"angle":{"a":0,"b":0,"g":0}},{"identifier":5,"name":"system/marker","pos":{"x":150,"y":10,"z":300},"angle":{"a":0,"b":0,"g":0}},{"identifier":6,"name":"system/marker","pos":{"x":150,"y":10,"z":600},"angle":{"a":0,"b":0,"g":0}},{"identifier":7,"name":"system/marker","pos":{"x":450,"y":10,"z":-600},"angle":{"a":0,"b":0,"g":0}},{"identifier":8,"name":"system/marker","pos":{"x":450,"y":10,"z":-300},"angle":{"a":0,"b":0,"g":0}},{"identifier":9,"name":"system/marker","pos":{"x":450,"y":10,"z":0},"angle":{"a":0,"b":0,"g":0}},{"identifier":10,"name":"system/marker","pos":{"x":450,"y":10,"z":300},"angle":{"a":0,"b":0,"g":0}},{"identifier":11,"name":"system/marker","pos":{"x":450,"y":10,"z":600},"angle":{"a":0,"b":0,"g":0}},{"identifier":12,"name":"system/marker","pos":{"x":750,"y":10,"z":-600},"angle":{"a":0,"b":0,"g":0}},{"identifier":13,"name":"system/marker","pos":{"x":750,"y":10,"z":-300},"angle":{"a":0,"b":0,"g":0}},{"identifier":14,"name":"system/marker","pos":{"x":750,"y":10,"z":0},"angle":{"a":0,"b":0,"g":0}},{"identifier":15,"name":"system/marker","pos":{"x":750,"y":10,"z":300},"angle":{"a":0,"b":0,"g":0}},{"identifier":16,"name":"system/marker","pos":{"x":750,"y":10,"z":600},"angle":{"a":0,"b":0,"g":0}},{"identifier":17,"name":"system/marker","pos":{"x":1050,"y":10,"z":-600},"angle":{"a":0,"b":0,"g":0}},{"identifier":18,"name":"system/marker","pos":{"x":1050,"y":10,"z":-300},"angle":{"a":0,"b":0,"g":0}},{"identifier":19,"name":"system/marker","pos":{"x":1050,"y":10,"z":0},"angle":{"a":0,"b":0,"g":0}},{"identifier":20,"name":"system/marker","pos":{"x":1050,"y":10,"z":300},"angle":{"a":0,"b":0,"g":0}},{"identifier":21,"name":"system/marker","pos":{"x":1050,"y":10,"z":600},"angle":{"a":0,"b":0,"g":0}},{"identifier":22,"name":"system/marker","pos":{"x":1350,"y":10,"z":-600},"angle":{"a":0,"b":0,"g":0}},{"identifier":23,"name":"system/marker","pos":{"x":1350,"y":10,"z":-300},"angle":{"a":0,"b":0,"g":0}},{"identifier":24,"name":"system/marker","pos":{"x":1350,"y":10,"z":0},"angle":{"a":0,"b":0,"g":0}},{"identifier":25,"name":"system/marker","pos":{"x":1350,"y":10,"z":300},"angle":{"a":0,"b":0,"g":0}},{"identifier":26,"name":"system/marker","pos":{"x":1350,"y":10,"z":600},"angle":{"a":0,"b":0,"g":0}},{"identifier":27,"name":"system/marker","pos":{"x":1650,"y":10,"z":-600},"angle":{"a":0,"b":0,"g":0}},{"identifier":28,"name":"system/marker","pos":{"x":1650,"y":10,"z":-300},"angle":{"a":0,"b":0,"g":0}},{"identifier":29,"name":"system/marker","pos":{"x":1650,"y":10,"z":0},"angle":{"a":0,"b":0,"g":0}},{"identifier":30,"name":"system/marker","pos":{"x":1650,"y":10,"z":300},"angle":{"a":0,"b":0,"g":0}},{"identifier":31,"name":"system/marker","pos":{"x":1650,"y":10,"z":600},"angle":{"a":0,"b":0,"g":0}},{"identifier":32,"name":"system/marker","pos":{"x":1950,"y":10,"z":-600},"angle":{"a":0,"b":0,"g":0}},{"identifier":33,"name":"system/marker","pos":{"x":1950,"y":10,"z":-300},"angle":{"a":0,"b":0,"g":0}},{"identifier":34,"name":"system/marker","pos":{"x":1950,"y":10,"z":0},"angle":{"a":0,"b":0,"g":0}},{"identifier":35,"name":"system/marker","pos":{"x":1950,"y":10,"z":300},"angle":{"a":0,"b":0,"g":0}},{"identifier":36,"name":"system/marker","pos":{"x":1950,"y":10,"z":600},"angle":{"a":0,"b":0,"g":0}},{"identifier":37,"name":"system/marker","pos":{"x":2250,"y":10,"z":-600},"angle":{"a":0,"b":0,"g":0}},{"identifier":38,"name":"system/marker","pos":{"x":2250,"y":10,"z":-300},"angle":{"a":0,"b":0,"g":0}},{"identifier":39,"name":"system/marker","pos":{"x":2250,"y":10,"z":0},"angle":{"a":0,"b":0,"g":0}},{"identifier":40,"name":"system/marker","pos":{"x":2250,"y":10,"z":300},"angle":{"a":0,"b":0,"g":0}},{"identifier":41,"name":"system/marker","pos":{"x":2250,"y":10,"z":600},"angle":{"a":0,"b":0,"g":0}},{"identifier":42,"name":"system/marker","pos":{"x":2550,"y":10,"z":-600},"angle":{"a":0,"b":0,"g":0}},{"identifier":43,"name":"system/marker","pos":{"x":2550,"y":10,"z":-300},"angle":{"a":0,"b":0,"g":0}},{"identifier":44,"name":"system/marker","pos":{"x":2550,"y":10,"z":0},"angle":{"a":0,"b":0,"g":0}},{"identifier":45,"name":"system/marker","pos":{"x":2550,"y":10,"z":300},"angle":{"a":0,"b":0,"g":0}},{"identifier":46,"name":"system/marker","pos":{"x":2550,"y":10,"z":600},"angle":{"a":0,"b":0,"g":0}},{"identifier":1,"name":"items/magic/fern","pos":{"x":2583.862700323168,"y":0,"z":450.57749627752946},"angle":{"a":0,"b":312.03135978389275,"g":0}},{"identifier":2,"name":"items/magic/fern","pos":{"x":1757.3178825319214,"y":0,"z":91.19905340582295},"angle":{"a":0,"b":139.36665644121425,"g":0}},{"identifier":3,"name":"items/magic/fern","pos":{"x":218.89944127414168,"y":0,"z":363.6710154702355},"angle":{"a":0,"b":19.159310995663983,"g":0}},{"identifier":4,"name":"items/magic/fern","pos":{"x":2428.7948026313356,"y":0,"z":-734.0759704862363},"angle":{"a":0,"b":228.19399553384557,"g":0}},{"identifier":5,"name":"items/provisions/mushroom/food_mushroom.asl","pos":{"x":2311.978360457789,"y":0,"z":200.82850736871387},"angle":{"a":0,"b":164.30071179698663,"g":0}},{"identifier":6,"name":"items/magic/fern","pos":{"x":1434.8176254488226,"y":0,"z":140.8005705736349},"angle":{"a":0,"b":87.91493217212036,"g":0}},{"identifier":7,"name":"items/magic/fern","pos":{"x":136.89488675606248,"y":0,"z":-227.95596617239835},"angle":{"a":0,"b":154.92966684391013,"g":0}},{"identifier":8,"name":"items/magic/fern","pos":{"x":2267.948383716674,"y":0,"z":-564.4989381583177},"angle":{"a":0,"b":281.7923529358274,"g":0}},{"identifier":9,"name":"items/magic/fern","pos":{"x":791.4832607520989,"y":0,"z":-429.42183120254697},"angle":{"a":0,"b":62.07849134727116,"g":0}},{"identifier":10,"name":"items/magic/fern","pos":{"x":262.04381531968437,"y":0,"z":257.43417190920877},"angle":{"a":0,"b":250.12026995670666,"g":0}},{"identifier":11,"name":"items/provisions/mushroom/food_mushroom.asl","pos":{"x":-140.32187680848574,"y":0,"z":280.78380986968295},"angle":{"a":0,"b":270.09169342918034,"g":0}},{"identifier":12,"name":"items/provisions/mushroom/food_mushroom.asl","pos":{"x":2303.245011218746,"y":0,"z":-316.5863997932874},"angle":{"a":0,"b":82.25161791219338,"g":0}},{"identifier":13,"name":"items/magic/fern","pos":{"x":1729.5512174725295,"y":0,"z":307.8177460882025},"angle":{"a":0,"b":264.61889986562994,"g":0}},{"identifier":14,"name":"items/provisions/mushroom/food_mushroom.asl","pos":{"x":1890.2419319423689,"y":0,"z":294.8006901691083},"angle":{"a":0,"b":354.0665900541396,"g":0}},{"identifier":15,"name":"items/provisions/mushroom/food_mushroom.asl","pos":{"x":414.00592494874684,"y":0,"z":-18.63980972622312},"angle":{"a":0,"b":5.542442765348697,"g":0}},{"identifier":16,"name":"items/provisions/mushroom/food_mushroom.asl","pos":{"x":921.08969244488,"y":0,"z":-229.86532974708882},"angle":{"a":0,"b":137.2029168209482,"g":0}},{"identifier":17,"name":"items/magic/fern","pos":{"x":2444.932064321772,"y":0,"z":346.4633631655902},"angle":{"a":0,"b":34.40395173669791,"g":0}},{"identifier":18,"name":"items/provisions/mushroom/food_mushroom.asl","pos":{"x":2343.075282492913,"y":0,"z":-501.87591026573824},"angle":{"a":0,"b":146.19109158177912,"g":0}},{"identifier":19,"name":"items/provisions/mushroom/food_mushroom.asl","pos":{"x":1534.2953278242182,"y":0,"z":449.2175674041621},"angle":{"a":0,"b":245.94487598549506,"g":0}},{"identifier":20,"name":"items/provisions/mushroom/food_mushroom.asl","pos":{"x":2508.2624513425294,"y":0,"z":-17.345128866914706},"angle":{"a":0,"b":21.22020683822149,"g":0}},{"identifier":21,"name":"items/magic/fern","pos":{"x":2613.940237471442,"y":0,"z":355.8774620119939},"angle":{"a":0,"b":263.7321516305321,"g":0}},{"identifier":22,"name":"items/magic/fern","pos":{"x":1887.8068169617072,"y":0,"z":-404.6049763716247},"angle":{"a":0,"b":204.61531347253526,"g":0}},{"identifier":23,"name":"items/magic/fern","pos":{"x":2016.2345695980034,"y":0,"z":-139.89671922436116},"angle":{"a":0,"b":229.89471637449446,"g":0}},{"identifier":24,"name":"items/magic/fern","pos":{"x":276.30164673875134,"y":0,"z":163.2348557740205},"angle":{"a":0,"b":358.46176204489876,"g":0}},{"identifier":25,"name":"items/provisions/mushroom/food_mushroom.asl","pos":{"x":2540.082822149669,"y":0,"z":-339.48592084572624},"angle":{"a":0,"b":2.5737922597469844,"g":0}},{"identifier":26,"name":"items/magic/fern","pos":{"x":-141.5138081685453,"y":0,"z":-24.022658177999688},"angle":{"a":0,"b":320.52237945579253,"g":0}},{"identifier":27,"name":"items/magic/fern","pos":{"x":2237.398853508945,"y":0,"z":-239.41683042053614},"angle":{"a":0,"b":331.75321046096195,"g":0}},{"identifier":28,"name":"items/magic/fern","pos":{"x":2258.8041510466264,"y":0,"z":82.57474798015517},"angle":{"a":0,"b":106.81511591078424,"g":0}},{"identifier":29,"name":"items/provisions/mushroom/food_mushroom.asl","pos":{"x":110.31392530419095,"y":0,"z":-354.7795941187972},"angle":{"a":0,"b":97.4145938104756,"g":0}},{"identifier":30,"name":"items/provisions/mushroom/food_mushroom.asl","pos":{"x":1315.3069732421493,"y":0,"z":-269.6446700187631},"angle":{"a":0,"b":133.8600447351327,"g":0}},{"identifier":31,"name":"items/provisions/mushroom/food_mushroom.asl","pos":{"x":2738.4976055386564,"y":0,"z":-662.85524092519},"angle":{"a":0,"b":119.76157365158436,"g":0}},{"identifier":32,"name":"items/magic/fern","pos":{"x":2264.0172986603375,"y":0,"z":-281.00373031757},"angle":{"a":0,"b":7.34007460475498,"g":0}},{"identifier":33,"name":"items/magic/fern","pos":{"x":137.23767972283866,"y":0,"z":-708.1293079392499},"angle":{"a":0,"b":155.9799611409959,"g":0}},{"identifier":34,"name":"items/magic/fern","pos":{"x":-176.93530211857518,"y":0,"z":378.43370969133116},"angle":{"a":0,"b":92.38536160792738,"g":0}},{"identifier":35,"name":"items/magic/fern","pos":{"x":469.9987297818418,"y":0,"z":-465.83505168619274},"angle":{"a":0,"b":116.7966749350267,"g":0}},{"identifier":36,"name":"items/magic/fern","pos":{"x":47.071423508628044,"y":0,"z":-515.0109704193737},"angle":{"a":0,"b":258.97645561490503,"g":0}},{"identifier":37,"name":"items/provisions/mushroom/food_mushroom.asl","pos":{"x":1526.0189833889235,"y":0,"z":-632.8829261672909},"angle":{"a":0,"b":81.87606325454209,"g":0}},{"identifier":38,"name":"items/magic/fern","pos":{"x":-22.197226146280684,"y":0,"z":-186.96531807567908},"angle":{"a":0,"b":66.45855735649774,"g":0}},{"identifier":39,"name":"items/magic/fern","pos":{"x":194.3017402024243,"y":0,"z":-284.5579970390347},"angle":{"a":0,"b":208.61504423916546,"g":0}},{"identifier":40,"name":"items/provisions/mushroom/food_mushroom.asl","pos":{"x":525.5242884711963,"y":0,"z":241.9063566456109},"angle":{"a":0,"b":33.86517228421195,"g":0}},{"identifier":41,"name":"items/provisions/mushroom/food_mushroom.asl","pos":{"x":2304.832616331904,"y":0,"z":724.1641381401967},"angle":{"a":0,"b":84.33695680491158,"g":0}},{"identifier":42,"name":"items/magic/fern","pos":{"x":330.7665020410417,"y":0,"z":-146.285157001549},"angle":{"a":0,"b":39.457617026667464,"g":0}},{"identifier":43,"name":"items/magic/fern","pos":{"x":146.46826195324684,"y":0,"z":-292.88376941912196},"angle":{"a":0,"b":262.31415886483546,"g":0}},{"identifier":44,"name":"items/magic/fern","pos":{"x":2024.4740552646413,"y":0,"z":715.0795501087487},"angle":{"a":0,"b":294.5979456643025,"g":0}},{"identifier":45,"name":"items/provisions/mushroom/food_mushroom.asl","pos":{"x":2727.283097079231,"y":0,"z":-271.1785592695061},"angle":{"a":0,"b":204.32727501440752,"g":0}},{"identifier":46,"name":"items/magic/fern","pos":{"x":214.41465861976144,"y":0,"z":393.1481843462627},"angle":{"a":0,"b":110.32432438840695,"g":0}},{"identifier":47,"name":"items/provisions/mushroom/food_mushroom.asl","pos":{"x":2246.705398579296,"y":0,"z":-718.6964095265598},"angle":{"a":0,"b":150.1416257037773,"g":0}},{"identifier":48,"name":"items/provisions/mushroom/food_mushroom.asl","pos":{"x":34.01226679941962,"y":0,"z":-260.65575149444214},"angle":{"a":0,"b":315.52243112367665,"g":0}},{"identifier":49,"name":"items/provisions/mushroom/food_mushroom.asl","pos":{"x":466.92968280356035,"y":0,"z":-141.31065333912557},"angle":{"a":0,"b":109.77131248262612,"g":0}},{"identifier":50,"name":"items/magic/fern","pos":{"x":296.7101177416733,"y":0,"z":82.94659844764476},"angle":{"a":0,"b":258.39767022957335,"g":0}},{"identifier":51,"name":"items/magic/fern","pos":{"x":1996.1303999979664,"y":0,"z":625.5056933333365},"angle":{"a":0,"b":101.64853395120778,"g":0}},{"identifier":52,"name":"items/provisions/mushroom/food_mushroom.asl","pos":{"x":2644.8737159976054,"y":0,"z":606.0793128456833},"angle":{"a":0,"b":248.47891274794748,"g":0}},{"identifier":53,"name":"items/magic/fern","pos":{"x":902.2364091688839,"y":0,"z":-592.1710919567922},"angle":{"a":0,"b":16.71638416103329,"g":0}},{"identifier":54,"name":"items/magic/fern","pos":{"x":-65.29866663144492,"y":0,"z":608.4629471501564},"angle":{"a":0,"b":131.41190086033492,"g":0}},{"identifier":55,"name":"items/provisions/mushroom/food_mushroom.asl","pos":{"x":1567.8986028235415,"y":0,"z":279.8120597917216},"angle":{"a":0,"b":178.08659469656314,"g":0}}]}