{"header":{"lastUser":"Arx Level Generator - version 0.17.0","time":1674351974,"numberOfBackgroundPolygons":572},"colors":[{"r":255,"g":255,"b":255,"a":1},{"r":255,"g":255,"b":255,"a":1},{"r":255,"g":255,"b":255,"a":1},{"r":255,"g":255,"b":255,"a":1},{"r":255,"g":255,"b":255,"a":1},{"r":255,"g":255,"b":255,"a":1},{"r":255,"g":255,"b":255,"a":1},{"r":255,"g":255,"b":255,"a":1},{"r":255,"g":255,"b":255,"a":1},{"r":255,"g":255,"b":255,"a":1},{"r":255,"g":255,"b":255,"a":1},{"r":255,"g":255,"b":255,"a":1},{"r":255,"g":255,"b":255,"a":1},{"r":255,"g":255,"b":255,"a":1},{"r":255,"g":255,"b":255,"a":1},{"r":255,"g":255,"b":255,"a":1},{"r":255,"g":255,"b":255,"a":1},{"r":255,"g":255,"b":255,"a":1},{"r":255,"g":255,"b":255,"a":1},{"r":255,"g":255,"b":255,"a":1},{"r":255,"g":255,"b":255,"a":1},{"r":255,"g":255,"b":255,"a":1},{"r":255,"g":255,"b":255,"a":1},{"r":255,"g":255,"b":255,"a":1},{"r":255,"g":255,"b":255,"a":1},{"r":255,"g":255,"b":255,"a":1},{"r":255,"g":255,"b":255,"a":1},{"r":255,"g":255,"b":255,"a":1},{"r":255,"g":255,"b":255,"a":1},{"r":255,"g":255,"b":255,"a":1},{"r":255,"g":255,"b":255,"a":1},{"r":255,"g":255,"b":255,"a":1},{"r":255,"g":255,"b":255,"a":1},{"r":255,"g":255,"b":255,"a":1},{"r":255,"g":255,"b":255,"a":1},{"r":255,"g":255,"b":255,"a":1},{"r":255,"g":255,"b":255,"a":1},{"r":255,"g":255,"b":255,"a":1},{"r":255,"g":255,"b":255,"a":1},{"r":255,"g":255,"b":255,"a":1},{"r":255,"g":255,"b":255,"a":1},{"r":255,"g":255,"b":255,"a":1},{"r":255,"g":255,"b":255,"a":1},{"r":255,"g":255,"b":255,"a":1},{"r":255,"g":255,"b":255,"a":1},{"r":255,"g":255,"b":255,"a":1},{"r":255,"g":255,"b":255,"a":1},{"r":255,"g":255,"b":255,"a":1},{"r":255,"g":255,"b":255,"a":1},{"r":255,"g":255,"b":255,"a":1},{"r":255,"g":255,"b":255,"a":1},{"r":255,"g":255,"b":255,"a":1},{"r":255,"g":255,"b":255,"a":1},{"r":255,"g":255,"b":255,"a":1},{"r":255,"g":255,"b":255,"a":1},{"r":255,"g":255,"b":255,"a":1},{"r":255,"g":255,"b":255,"a":1},{"r":255,"g":255,"b":255,"a":1},{"r":255,"g":255,"b":255,"a":1},{"r":255,"g":255,"b":255,"a":1},{"r":255,"g":255,"b":255,"a":1},{"r":255,"g":255,"b":255,"a":1},{"r":255,"g":255,"b":255,"a":1},{"r":255,"g":255,"b":255,"a":1},{"r":255,"g":255,"b":255,"a":1},{"r":255,"g":255,"b":255,"a":1},{"r":255,"g":255,"b":255,"a":1},{"r":255,"g":255,"b":255,"a":1},{"r":255,"g":255,"b":255,"a":1},{"r":255,"g":255,"b":255,"a":1},{"r":255,"g":255,"b":255,"a":1},{"r":255,"g":255,"b":255,"a":1},{"r":255,"g":255,"b":255,"a":1},{"r":255,"g":255,"b":255,"a":1},{"r":255,"g":255,"b":255,"a":1},{"r":255,"g":255,"b":255,"a":1},{"r":255,"g":255,"b":255,"a":1},{"r":255,"g":255,"b":255,"a":1},{"r":255,"g":255,"b":255,"a":1},{"r":255,"g":255,"b":255,"a":1},{"r":255,"g":255,"b":255,"a":1},{"r":255,"g":255,"b":255,"a":1},{"r":255,"g":255,"b":255,"a":1},{"r":255,"g":255,"b":255,"a":1},{"r":255,"g":255,"b":255,"a":1},{"r":255,"g":255,"b":255,"a":1},{"r":255,"g":255,"b":255,"a":1},{"r":255,"g":255,"b":255,"a":1},{"r":255,"g":255,"b":255,"a":1},{"r":255,"g":255,"b":255,"a":1},{"r":255,"g":255,"b":255,"a":1},{"r":255,"g":255,"b":255,"a":1},{"r":255,"g":255,"b":255,"a":1},{"r":255,"g":255,"b":255,"a":1},{"r":255,"g":255,"b":255,"a":1},{"r":255,"g":255,"b":255,"a":1},{"r":255,"g":255,"b":255,"a":1},{"r":255,"g":255,"b":255,"a":1},{"r":255,"g":255,"b":255,"a":1},{"r":255,"g":255,"b":255,"a":1},{"r":255,"g":255,"b":255,"a":1},{"r":255,"g":255,"b":255,"a":1},{"r":255,"g":255,"b":255,"a":1},{"r":255,"g":255,"b":255,"a":1},{"r":255,"g":255,"b":255,"a":1},{"r":255,"g":255,"b":255,"a":1},{"r":255,"g":255,"b":255,"a":1},{"r":255,"g":255,"b":255,"a":1},{"r":255,"g":255,"b":255,"a":1},{"r":255,"g":255,"b":255,"a":1},{"r":255,"g":255,"b":255,"a":1},{"r":255,"g":255,"b":255,"a":1},{"r":255,"g":255,"b":255,"a":1},{"r":255,"g":255,"b":255,"a":1},{"r":255,"g":255,"b":255,"a":1},{"r":255,"g":255,"b":255,"a":1},{"r":255,"g":255,"b":255,"a":1},{"r":255,"g":255,"b":255,"a":1},{"r":255,"g":255,"b":255,"a":1},{"r":255,"g":255,"b":255,"a":1},{"r":255,"g":255,"b":255,"a":1},{"r":255,"g":255,"b":255,"a":1},{"r":255,"g":255,"b":255,"a":1},{"r":255,"g":255,"b":255,"a":1},{"r":255,"g":255,"b":255,"a":1},{"r":255,"g":255,"b":255,"a":1},{"r":255,"g":255,"b":255,"a":1},{"r":255,"g":255,"b":255,"a":1},{"r":255,"g":255,"b":255,"a":1},{"r":255,"g":255,"b":255,"a":1},{"r":255,"g":255,"b":255,"a":1},{"r":255,"g":255,"b":255,"a":1},{"r":255,"g":255,"b":255,"a":1},{"r":255,"g":255,"b":255,"a":1},{"r":255,"g":255,"b":255,"a":1},{"r":255,"g":255,"b":255,"a":1},{"r":255,"g":255,"b":255,"a":1},{"r":255,"g":255,"b":255,"a":1},{"r":255,"g":255,"b":255,"a":1},{"r":255,"g":255,"b":255,"a":1},{"r":255,"g":255,"b":255,"a":1},{"r":255,"g":255,"b":255,"a":1},{"r":255,"g":255,"b":255,"a":1},{"r":255,"g":255,"b":255,"a":1},{"r":255,"g":255,"b":255,"a":1},{"r":255,"g":255,"b":255,"a":1},{"r":255,"g":255,"b":255,"a":1},{"r":255,"g":255,"b":255,"a":1},{"r":255,"g":255,"b":255,"a":1},{"r":255,"g":255,"b":255,"a":1},{"r":255,"g":255,"b":255,"a":1},{"r":255,"g":255,"b":255,"a":1},{"r":255,"g":255,"b":255,"a":1},{"r":255,"g":255,"b":255,"a":1},{"r":255,"g":255,"b":255,"a":1},{"r":255,"g":255,"b":255,"a":1},{"r":255,"g":255,"b":255,"a":1},{"r":255,"g":255,"b":255,"a":1},{"r":255,"g":255,"b":255,"a":1},{"r":255,"g":255,"b":255,"a":1},{"r":255,"g":255,"b":255,"a":1},{"r":255,"g":255,"b":255,"a":1},{"r":255,"g":255,"b":255,"a":1},{"r":255,"g":255,"b":255,"a":1},{"r":255,"g":255,"b":255,"a":1},{"r":255,"g":255,"b":255,"a":1},{"r":255,"g":255,"b":255,"a":1},{"r":255,"g":255,"b":255,"a":1},{"r":255,"g":255,"b":255,"a":1},{"r":255,"g":255,"b":255,"a":1},{"r":255,"g":255,"b":255,"a":1},{"r":255,"g":255,"b":255,"a":1},{"r":255,"g":255,"b":255,"a":1},{"r":255,"g":255,"b":255,"a":1},{"r":255,"g":255,"b":255,"a":1},{"r":255,"g":255,"b":255,"a":1},{"r":255,"g":255,"b":255,"a":1},{"r":255,"g":255,"b":255,"a":1},{"r":255,"g":255,"b":255,"a":1},{"r":255,"g":255,"b":255,"a":1},{"r":255,"g":255,"b":255,"a":1},{"r":255,"g":255,"b":255,"a":1},{"r":255,"g":255,"b":255,"a":1},{"r":255,"g":255,"b":255,"a":1},{"r":255,"g":255,"b":255,"a":1},{"r":255,"g":255,"b":255,"a":1},{"r":255,"g":255,"b":255,"a":1},{"r":255,"g":255,"b":255,"a":1},{"r":255,"g":255,"b":255,"a":1},{"r":255,"g":255,"b":255,"a":1},{"r":255,"g":255,"b":255,"a":1},{"r":255,"g":255,"b":255,"a":1},{"r":255,"g":255,"b":255,"a":1},{"r":255,"g":255,"b":255,"a":1},{"r":255,"g":255,"b":255,"a":1},{"r":255,"g":255,"b":255,"a":1},{"r":255,"g":255,"b":255,"a":1},{"r":255,"g":255,"b":255,"a":1},{"r":255,"g":255,"b":255,"a":1},{"r":255,"g":255,"b":255,"a":1},{"r":255,"g":255,"b":255,"a":1},{"r":255,"g":255,"b":255,"a":1},{"r":255,"g":255,"b":255,"a":1},{"r":255,"g":255,"b":255,"a":1},{"r":255,"g":255,"b":255,"a":1},{"r":255,"g":255,"b":255,"a":1},{"r":255,"g":255,"b":255,"a":1},{"r":255,"g":255,"b":255,"a":1},{"r":255,"g":255,"b":255,"a":1},{"r":255,"g":255,"b":255,"a":1},{"r":255,"g":255,"b":255,"a":1},{"r":255,"g":255,"b":255,"a":1},{"r":255,"g":255,"b":255,"a":1},{"r":255,"g":255,"b":255,"a":1},{"r":255,"g":255,"b":255,"a":1},{"r":255,"g":255,"b":255,"a":1},{"r":255,"g":255,"b":255,"a":1},{"r":255,"g":255,"b":255,"a":1},{"r":255,"g":255,"b":255,"a":1},{"r":255,"g":255,"b":255,"a":1},{"r":255,"g":255,"b":255,"a":1},{"r":255,"g":255,"b":255,"a":1},{"r":255,"g":255,"b":255,"a":1},{"r":255,"g":255,"b":255,"a":1},{"r":255,"g":255,"b":255,"a":1},{"r":255,"g":255,"b":255,"a":1},{"r":255,"g":255,"b":255,"a":1},{"r":255,"g":255,"b":255,"a":1},{"r":255,"g":255,"b":255,"a":1},{"r":255,"g":255,"b":255,"a":1},{"r":255,"g":255,"b":255,"a":1},{"r":255,"g":255,"b":255,"a":1},{"r":255,"g":255,"b":255,"a":1},{"r":255,"g":255,"b":255,"a":1},{"r":255,"g":255,"b":255,"a":1},{"r":255,"g":255,"b":255,"a":1},{"r":255,"g":255,"b":255,"a":1},{"r":255,"g":255,"b":255,"a":1},{"r":255,"g":255,"b":255,"a":1},{"r":255,"g":255,"b":255,"a":1},{"r":255,"g":255,"b":255,"a":1},{"r":255,"g":255,"b":255,"a":1},{"r":255,"g":255,"b":255,"a":1},{"r":255,"g":255,"b":255,"a":1},{"r":255,"g":255,"b":255,"a":1},{"r":255,"g":255,"b":255,"a":1},{"r":255,"g":255,"b":255,"a":1},{"r":255,"g":255,"b":255,"a":1},{"r":255,"g":255,"b":255,"a":1},{"r":255,"g":255,"b":255,"a":1},{"r":255,"g":255,"b":255,"a":1},{"r":255,"g":255,"b":255,"a":1},{"r":255,"g":255,"b":255,"a":1},{"r":255,"g":255,"b":255,"a":1},{"r":255,"g":255,"b":255,"a":1},{"r":255,"g":255,"b":255,"a":1},{"r":255,"g":255,"b":255,"a":1},{"r":255,"g":255,"b":255,"a":1},{"r":255,"g":255,"b":255,"a":1},{"r":255,"g":255,"b":255,"a":1},{"r":255,"g":255,"b":255,"a":1},{"r":255,"g":255,"b":255,"a":1},{"r":255,"g":255,"b":255,"a":1},{"r":255,"g":255,"b":255,"a":1},{"r":255,"g":255,"b":255,"a":1},{"r":255,"g":255,"b":255,"a":1},{"r":255,"g":255,"b":255,"a":1},{"r":255,"g":255,"b":255,"a":1},{"r":255,"g":255,"b":255,"a":1},{"r":255,"g":255,"b":255,"a":1},{"r":255,"g":255,"b":255,"a":1},{"r":255,"g":255,"b":255,"a":1},{"r":255,"g":255,"b":255,"a":1},{"r":255,"g":255,"b":255,"a":1},{"r":255,"g":255,"b":255,"a":1},{"r":255,"g":255,"b":255,"a":1},{"r":255,"g":255,"b":255,"a":1},{"r":255,"g":255,"b":255,"a":1},{"r":255,"g":255,"b":255,"a":1},{"r":255,"g":255,"b":255,"a":1},{"r":255,"g":255,"b":255,"a":1},{"r":255,"g":255,"b":255,"a":1},{"r":255,"g":255,"b":255,"a":1},{"r":255,"g":255,"b":255,"a":1},{"r":255,"g":255,"b":255,"a":1},{"r":255,"g":255,"b":255,"a":1},{"r":255,"g":255,"b":255,"a":1},{"r":255,"g":255,"b":255,"a":1},{"r":255,"g":255,"b":255,"a":1},{"r":255,"g":255,"b":255,"a":1},{"r":255,"g":255,"b":255,"a":1},{"r":255,"g":255,"b":255,"a":1},{"r":255,"g":255,"b":255,"a":1},{"r":255,"g":255,"b":255,"a":1},{"r":255,"g":255,"b":255,"a":1},{"r":255,"g":255,"b":255,"a":1},{"r":255,"g":255,"b":255,"a":1},{"r":255,"g":255,"b":255,"a":1},{"r":255,"g":255,"b":255,"a":1},{"r":255,"g":255,"b":255,"a":1},{"r":255,"g":255,"b":255,"a":1},{"r":255,"g":255,"b":255,"a":1},{"r":255,"g":255,"b":255,"a":1},{"r":255,"g":255,"b":255,"a":1},{"r":255,"g":255,"b":255,"a":1},{"r":255,"g":255,"b":255,"a":1},{"r":255,"g":255,"b":255,"a":1},{"r":255,"g":255,"b":255,"a":1},{"r":255,"g":255,"b":255,"a":1},{"r":255,"g":255,"b":255,"a":1},{"r":255,"g":255,"b":255,"a":1},{"r":255,"g":255,"b":255,"a":1},{"r":255,"g":255,"b":255,"a":1},{"r":255,"g":255,"b":255,"a":1},{"r":255,"g":255,"b":255,"a":1},{"r":255,"g":255,"b":255,"a":1},{"r":255,"g":255,"b":255,"a":1},{"r":255,"g":255,"b":255,"a":1},{"r":255,"g":255,"b":255,"a":1},{"r":255,"g":255,"b":255,"a":1},{"r":255,"g":255,"b":255,"a":1},{"r":255,"g":255,"b":255,"a":1},{"r":255,"g":255,"b":255,"a":1},{"r":255,"g":255,"b":255,"a":1},{"r":255,"g":255,"b":255,"a":1},{"r":255,"g":255,"b":255,"a":1},{"r":255,"g":255,"b":255,"a":1},{"r":255,"g":255,"b":255,"a":1},{"r":255,"g":255,"b":255,"a":1},{"r":255,"g":255,"b":255,"a":1},{"r":255,"g":255,"b":255,"a":1},{"r":255,"g":255,"b":255,"a":1},{"r":255,"g":255,"b":255,"a":1},{"r":255,"g":255,"b":255,"a":1},{"r":255,"g":255,"b":255,"a":1},{"r":255,"g":255,"b":255,"a":1},{"r":255,"g":255,"b":255,"a":1},{"r":255,"g":255,"b":255,"a":1},{"r":255,"g":255,"b":255,"a":1},{"r":255,"g":255,"b":255,"a":1},{"r":255,"g":255,"b":255,"a":1},{"r":255,"g":255,"b":255,"a":1},{"r":255,"g":255,"b":255,"a":1},{"r":255,"g":255,"b":255,"a":1},{"r":255,"g":255,"b":255,"a":1},{"r":255,"g":255,"b":255,"a":1},{"r":255,"g":255,"b":255,"a":1},{"r":255,"g":255,"b":255,"a":1},{"r":255,"g":255,"b":255,"a":1},{"r":255,"g":255,"b":255,"a":1},{"r":255,"g":255,"b":255,"a":1},{"r":255,"g":255,"b":255,"a":1},{"r":255,"g":255,"b":255,"a":1},{"r":255,"g":255,"b":255,"a":1},{"r":255,"g":255,"b":255,"a":1},{"r":255,"g":255,"b":255,"a":1},{"r":255,"g":255,"b":255,"a":1},{"r":255,"g":255,"b":255,"a":1},{"r":255,"g":255,"b":255,"a":1},{"r":255,"g":255,"b":255,"a":1},{"r":255,"g":255,"b":255,"a":1},{"r":255,"g":255,"b":255,"a":1},{"r":255,"g":255,"b":255,"a":1},{"r":255,"g":255,"b":255,"a":1},{"r":255,"g":255,"b":255,"a":1},{"r":255,"g":255,"b":255,"a":1},{"r":255,"g":255,"b":255,"a":1},{"r":255,"g":255,"b":255,"a":1},{"r":255,"g":255,"b":255,"a":1},{"r":255,"g":255,"b":255,"a":1},{"r":255,"g":255,"b":255,"a":1},{"r":255,"g":255,"b":255,"a":1},{"r":255,"g":255,"b":255,"a":1},{"r":255,"g":255,"b":255,"a":1},{"r":255,"g":255,"b":255,"a":1},{"r":255,"g":255,"b":255,"a":1},{"r":255,"g":255,"b":255,"a":1},{"r":255,"g":255,"b":255,"a":1},{"r":255,"g":255,"b":255,"a":1},{"r":255,"g":255,"b":255,"a":1},{"r":255,"g":255,"b":255,"a":1},{"r":255,"g":255,"b":255,"a":1},{"r":255,"g":255,"b":255,"a":1},{"r":255,"g":255,"b":255,"a":1},{"r":255,"g":255,"b":255,"a":1},{"r":255,"g":255,"b":255,"a":1},{"r":255,"g":255,"b":255,"a":1},{"r":255,"g":255,"b":255,"a":1},{"r":255,"g":255,"b":255,"a":1},{"r":255,"g":255,"b":255,"a":1},{"r":255,"g":255,"b":255,"a":1},{"r":255,"g":255,"b":255,"a":1},{"r":255,"g":255,"b":255,"a":1},{"r":255,"g":255,"b":255,"a":1},{"r":255,"g":255,"b":255,"a":1},{"r":255,"g":255,"b":255,"a":1},{"r":255,"g":255,"b":255,"a":1},{"r":255,"g":255,"b":255,"a":1},{"r":255,"g":255,"b":255,"a":1},{"r":255,"g":255,"b":255,"a":1},{"r":255,"g":255,"b":255,"a":1},{"r":255,"g":255,"b":255,"a":1},{"r":255,"g":255,"b":255,"a":1},{"r":255,"g":255,"b":255,"a":1},{"r":255,"g":255,"b":255,"a":1},{"r":255,"g":255,"b":255,"a":1},{"r":255,"g":255,"b":255,"a":1},{"r":255,"g":255,"b":255,"a":1},{"r":255,"g":255,"b":255,"a":1},{"r":255,"g":255,"b":255,"a":1},{"r":255,"g":255,"b":255,"a":1},{"r":255,"g":255,"b":255,"a":1},{"r":255,"g":255,"b":255,"a":1},{"r":255,"g":255,"b":255,"a":1},{"r":255,"g":255,"b":255,"a":1},{"r":255,"g":255,"b":255,"a":1},{"r":255,"g":255,"b":255,"a":1},{"r":255,"g":255,"b":255,"a":1},{"r":255,"g":255,"b":255,"a":1},{"r":255,"g":255,"b":255,"a":1},{"r":255,"g":255,"b":255,"a":1},{"r":255,"g":255,"b":255,"a":1},{"r":255,"g":255,"b":255,"a":1},{"r":255,"g":255,"b":255,"a":1},{"r":255,"g":255,"b":255,"a":1},{"r":255,"g":255,"b":255,"a":1},{"r":255,"g":255,"b":255,"a":1},{"r":255,"g":255,"b":255,"a":1},{"r":255,"g":255,"b":255,"a":1},{"r":255,"g":255,"b":255,"a":1},{"r":255,"g":255,"b":255,"a":1},{"r":255,"g":255,"b":255,"a":1},{"r":255,"g":255,"b":255,"a":1},{"r":255,"g":255,"b":255,"a":1},{"r":255,"g":255,"b":255,"a":1},{"r":255,"g":255,"b":255,"a":1},{"r":255,"g":255,"b":255,"a":1},{"r":255,"g":255,"b":255,"a":1},{"r":255,"g":255,"b":255,"a":1},{"r":255,"g":255,"b":255,"a":1},{"r":255,"g":255,"b":255,"a":1},{"r":255,"g":255,"b":255,"a":1},{"r":255,"g":255,"b":255,"a":1},{"r":255,"g":255,"b":255,"a":1},{"r":255,"g":255,"b":255,"a":1},{"r":255,"g":255,"b":255,"a":1},{"r":255,"g":255,"b":255,"a":1},{"r":255,"g":255,"b":255,"a":1},{"r":255,"g":255,"b":255,"a":1},{"r":255,"g":255,"b":255,"a":1},{"r":255,"g":255,"b":255,"a":1},{"r":255,"g":255,"b":255,"a":1},{"r":255,"g":255,"b":255,"a":1},{"r":255,"g":255,"b":255,"a":1},{"r":255,"g":255,"b":255,"a":1},{"r":255,"g":255,"b":255,"a":1},{"r":255,"g":255,"b":255,"a":1},{"r":255,"g":255,"b":255,"a":1},{"r":255,"g":255,"b":255,"a":1},{"r":255,"g":255,"b":255,"a":1},{"r":255,"g":255,"b":255,"a":1},{"r":255,"g":255,"b":255,"a":1},{"r":255,"g":255,"b":255,"a":1},{"r":255,"g":255,"b":255,"a":1},{"r":255,"g":255,"b":255,"a":1},{"r":255,"g":255,"b":255,"a":1},{"r":255,"g":255,"b":255,"a":1},{"r":255,"g":255,"b":255,"a":1},{"r":255,"g":255,"b":255,"a":1},{"r":255,"g":255,"b":255,"a":1},{"r":255,"g":255,"b":255,"a":1},{"r":255,"g":255,"b":255,"a":1},{"r":255,"g":255,"b":255,"a":1},{"r":255,"g":255,"b":255,"a":1},{"r":255,"g":255,"b":255,"a":1},{"r":255,"g":255,"b":255,"a":1},{"r":255,"g":255,"b":255,"a":1},{"r":255,"g":255,"b":255,"a":1},{"r":255,"g":255,"b":255,"a":1},{"r":255,"g":255,"b":255,"a":1},{"r":255,"g":255,"b":255,"a":1},{"r":255,"g":255,"b":255,"a":1},{"r":255,"g":255,"b":255,"a":1},{"r":255,"g":255,"b":255,"a":1},{"r":255,"g":255,"b":255,"a":1},{"r":255,"g":255,"b":255,"a":1},{"r":255,"g":255,"b":255,"a":1},{"r":255,"g":255,"b":255,"a":1},{"r":255,"g":255,"b":255,"a":1},{"r":255,"g":255,"b":255,"a":1},{"r":255,"g":255,"b":255,"a":1},{"r":255,"g":255,"b":255,"a":1},{"r":255,"g":255,"b":255,"a":1},{"r":255,"g":255,"b":255,"a":1},{"r":255,"g":255,"b":255,"a":1},{"r":255,"g":255,"b":255,"a":1},{"r":255,"g":255,"b":255,"a":1},{"r":255,"g":255,"b":255,"a":1},{"r":255,"g":255,"b":255,"a":1},{"r":255,"g":255,"b":255,"a":1},{"r":255,"g":255,"b":255,"a":1},{"r":255,"g":255,"b":255,"a":1},{"r":255,"g":255,"b":255,"a":1},{"r":255,"g":255,"b":255,"a":1},{"r":255,"g":255,"b":255,"a":1},{"r":255,"g":255,"b":255,"a":1},{"r":255,"g":255,"b":255,"a":1},{"r":255,"g":255,"b":255,"a":1},{"r":255,"g":255,"b":255,"a":1},{"r":255,"g":255,"b":255,"a":1},{"r":255,"g":255,"b":255,"a":1},{"r":255,"g":255,"b":255,"a":1},{"r":255,"g":255,"b":255,"a":1},{"r":255,"g":255,"b":255,"a":1},{"r":255,"g":255,"b":255,"a":1},{"r":255,"g":255,"b":255,"a":1},{"r":255,"g":255,"b":255,"a":1},{"r":255,"g":255,"b":255,"a":1},{"r":255,"g":255,"b":255,"a":1},{"r":255,"g":255,"b":255,"a":1},{"r":255,"g":255,"b":255,"a":1},{"r":255,"g":255,"b":255,"a":1},{"r":255,"g":255,"b":255,"a":1},{"r":255,"g":255,"b":255,"a":1},{"r":255,"g":255,"b":255,"a":1},{"r":255,"g":255,"b":255,"a":1},{"r":255,"g":255,"b":255,"a":1},{"r":255,"g":255,"b":255,"a":1},{"r":255,"g":255,"b":255,"a":1},{"r":255,"g":255,"b":255,"a":1},{"r":255,"g":255,"b":255,"a":1},{"r":255,"g":255,"b":255,"a":1},{"r":255,"g":255,"b":255,"a":1},{"r":255,"g":255,"b":255,"a":1},{"r":255,"g":255,"b":255,"a":1},{"r":255,"g":255,"b":255,"a":1},{"r":255,"g":255,"b":255,"a":1},{"r":255,"g":255,"b":255,"a":1},{"r":255,"g":255,"b":255,"a":1},{"r":255,"g":255,"b":255,"a":1},{"r":255,"g":255,"b":255,"a":1},{"r":255,"g":255,"b":255,"a":1},{"r":255,"g":255,"b":255,"a":1},{"r":255,"g":255,"b":255,"a":1},{"r":255,"g":255,"b":255,"a":1},{"r":255,"g":255,"b":255,"a":1},{"r":255,"g":255,"b":255,"a":1},{"r":255,"g":255,"b":255,"a":1},{"r":255,"g":255,"b":255,"a":1},{"r":255,"g":255,"b":255,"a":1},{"r":255,"g":255,"b":255,"a":1},{"r":255,"g":255,"b":255,"a":1},{"r":255,"g":255,"b":255,"a":1},{"r":255,"g":255,"b":255,"a":1},{"r":255,"g":255,"b":255,"a":1},{"r":255,"g":255,"b":255,"a":1},{"r":255,"g":255,"b":255,"a":1},{"r":255,"g":255,"b":255,"a":1},{"r":255,"g":255,"b":255,"a":1},{"r":255,"g":255,"b":255,"a":1},{"r":255,"g":255,"b":255,"a":1},{"r":255,"g":255,"b":255,"a":1},{"r":255,"g":255,"b":255,"a":1},{"r":255,"g":255,"b":255,"a":1},{"r":255,"g":255,"b":255,"a":1},{"r":255,"g":255,"b":255,"a":1},{"r":255,"g":255,"b":255,"a":1},{"r":255,"g":255,"b":255,"a":1},{"r":255,"g":255,"b":255,"a":1},{"r":255,"g":255,"b":255,"a":1},{"r":255,"g":255,"b":255,"a":1},{"r":255,"g":255,"b":255,"a":1},{"r":255,"g":255,"b":255,"a":1},{"r":255,"g":255,"b":255,"a":1},{"r":255,"g":255,"b":255,"a":1},{"r":255,"g":255,"b":255,"a":1},{"r":255,"g":255,"b":255,"a":1},{"r":255,"g":255,"b":255,"a":1},{"r":255,"g":255,"b":255,"a":1},{"r":255,"g":255,"b":255,"a":1},{"r":255,"g":255,"b":255,"a":1},{"r":255,"g":255,"b":255,"a":1},{"r":255,"g":255,"b":255,"a":1},{"r":255,"g":255,"b":255,"a":1},{"r":255,"g":255,"b":255,"a":1},{"r":255,"g":255,"b":255,"a":1},{"r":255,"g":255,"b":255,"a":1},{"r":255,"g":255,"b":255,"a":1},{"r":255,"g":255,"b":255,"a":1},{"r":255,"g":255,"b":255,"a":1},{"r":255,"g":255,"b":255,"a":1},{"r":255,"g":255,"b":255,"a":1},{"r":255,"g":255,"b":255,"a":1},{"r":255,"g":255,"b":255,"a":1},{"r":255,"g":255,"b":255,"a":1},{"r":255,"g":255,"b":255,"a":1},{"r":255,"g":255,"b":255,"a":1},{"r":255,"g":255,"b":255,"a":1},{"r":255,"g":255,"b":255,"a":1},{"r":255,"g":255,"b":255,"a":1},{"r":255,"g":255,"b":255,"a":1},{"r":255,"g":255,"b":255,"a":1},{"r":255,"g":255,"b":255,"a":1},{"r":255,"g":255,"b":255,"a":1},{"r":255,"g":255,"b":255,"a":1},{"r":255,"g":255,"b":255,"a":1},{"r":255,"g":255,"b":255,"a":1},{"r":255,"g":255,"b":255,"a":1},{"r":255,"g":255,"b":255,"a":1},{"r":255,"g":255,"b":255,"a":1},{"r":255,"g":255,"b":255,"a":1},{"r":255,"g":255,"b":255,"a":1},{"r":255,"g":255,"b":255,"a":1},{"r":255,"g":255,"b":255,"a":1},{"r":255,"g":255,"b":255,"a":1},{"r":255,"g":255,"b":255,"a":1},{"r":255,"g":255,"b":255,"a":1},{"r":255,"g":255,"b":255,"a":1},{"r":255,"g":255,"b":255,"a":1},{"r":255,"g":255,"b":255,"a":1},{"r":255,"g":255,"b":255,"a":1},{"r":255,"g":255,"b":255,"a":1},{"r":255,"g":255,"b":255,"a":1},{"r":255,"g":255,"b":255,"a":1},{"r":255,"g":255,"b":255,"a":1},{"r":255,"g":255,"b":255,"a":1},{"r":255,"g":255,"b":255,"a":1},{"r":255,"g":255,"b":255,"a":1},{"r":255,"g":255,"b":255,"a":1},{"r":255,"g":255,"b":255,"a":1},{"r":255,"g":255,"b":255,"a":1},{"r":255,"g":255,"b":255,"a":1},{"r":255,"g":255,"b":255,"a":1},{"r":255,"g":255,"b":255,"a":1},{"r":255,"g":255,"b":255,"a":1},{"r":255,"g":255,"b":255,"a":1},{"r":255,"g":255,"b":255,"a":1},{"r":255,"g":255,"b":255,"a":1},{"r":255,"g":255,"b":255,"a":1},{"r":255,"g":255,"b":255,"a":1},{"r":255,"g":255,"b":255,"a":1},{"r":255,"g":255,"b":255,"a":1},{"r":255,"g":255,"b":255,"a":1},{"r":255,"g":255,"b":255,"a":1},{"r":255,"g":255,"b":255,"a":1},{"r":255,"g":255,"b":255,"a":1},{"r":255,"g":255,"b":255,"a":1},{"r":255,"g":255,"b":255,"a":1},{"r":255,"g":255,"b":255,"a":1},{"r":255,"g":255,"b":255,"a":1},{"r":255,"g":255,"b":255,"a":1},{"r":255,"g":255,"b":255,"a":1},{"r":255,"g":255,"b":255,"a":1},{"r":255,"g":255,"b":255,"a":1},{"r":255,"g":255,"b":255,"a":1},{"r":255,"g":255,"b":255,"a":1},{"r":255,"g":255,"b":255,"a":1},{"r":255,"g":255,"b":255,"a":1},{"r":255,"g":255,"b":255,"a":1},{"r":255,"g":255,"b":255,"a":1},{"r":255,"g":255,"b":255,"a":1},{"r":255,"g":255,"b":255,"a":1},{"r":255,"g":255,"b":255,"a":1},{"r":255,"g":255,"b":255,"a":1},{"r":255,"g":255,"b":255,"a":1},{"r":255,"g":255,"b":255,"a":1},{"r":255,"g":255,"b":255,"a":1},{"r":255,"g":255,"b":255,"a":1},{"r":255,"g":255,"b":255,"a":1},{"r":255,"g":255,"b":255,"a":1},{"r":255,"g":255,"b":255,"a":1},{"r":255,"g":255,"b":255,"a":1},{"r":255,"g":255,"b":255,"a":1},{"r":255,"g":255,"b":255,"a":1},{"r":255,"g":255,"b":255,"a":1},{"r":255,"g":255,"b":255,"a":1},{"r":255,"g":255,"b":255,"a":1},{"r":255,"g":255,"b":255,"a":1},{"r":255,"g":255,"b":255,"a":1},{"r":255,"g":255,"b":255,"a":1},{"r":255,"g":255,"b":255,"a":1},{"r":255,"g":255,"b":255,"a":1},{"r":255,"g":255,"b":255,"a":1},{"r":255,"g":255,"b":255,"a":1},{"r":255,"g":255,"b":255,"a":1},{"r":255,"g":255,"b":255,"a":1},{"r":255,"g":255,"b":255,"a":1},{"r":255,"g":255,"b":255,"a":1},{"r":255,"g":255,"b":255,"a":1},{"r":255,"g":255,"b":255,"a":1},{"r":255,"g":255,"b":255,"a":1},{"r":255,"g":255,"b":255,"a":1},{"r":255,"g":255,"b":255,"a":1},{"r":255,"g":255,"b":255,"a":1},{"r":255,"g":255,"b":255,"a":1},{"r":255,"g":255,"b":255,"a":1},{"r":255,"g":255,"b":255,"a":1},{"r":255,"g":255,"b":255,"a":1},{"r":255,"g":255,"b":255,"a":1},{"r":255,"g":255,"b":255,"a":1},{"r":255,"g":255,"b":255,"a":1},{"r":255,"g":255,"b":255,"a":1},{"r":255,"g":255,"b":255,"a":1},{"r":255,"g":255,"b":255,"a":1},{"r":255,"g":255,"b":255,"a":1},{"r":255,"g":255,"b":255,"a":1},{"r":255,"g":255,"b":255,"a":1},{"r":255,"g":255,"b":255,"a":1},{"r":255,"g":255,"b":255,"a":1},{"r":255,"g":255,"b":255,"a":1},{"r":255,"g":255,"b":255,"a":1},{"r":255,"g":255,"b":255,"a":1},{"r":255,"g":255,"b":255,"a":1},{"r":255,"g":255,"b":255,"a":1},{"r":255,"g":255,"b":255,"a":1},{"r":255,"g":255,"b":255,"a":1},{"r":255,"g":255,"b":255,"a":1},{"r":255,"g":255,"b":255,"a":1},{"r":255,"g":255,"b":255,"a":1},{"r":255,"g":255,"b":255,"a":1},{"r":255,"g":255,"b":255,"a":1},{"r":255,"g":255,"b":255,"a":1},{"r":255,"g":255,"b":255,"a":1},{"r":255,"g":255,"b":255,"a":1},{"r":255,"g":255,"b":255,"a":1},{"r":255,"g":255,"b":255,"a":1},{"r":255,"g":255,"b":255,"a":1},{"r":255,"g":255,"b":255,"a":1},{"r":255,"g":255,"b":255,"a":1},{"r":255,"g":255,"b":255,"a":1},{"r":255,"g":255,"b":255,"a":1},{"r":255,"g":255,"b":255,"a":1},{"r":255,"g":255,"b":255,"a":1},{"r":255,"g":255,"b":255,"a":1},{"r":255,"g":255,"b":255,"a":1},{"r":255,"g":255,"b":255,"a":1},{"r":255,"g":255,"b":255,"a":1},{"r":255,"g":255,"b":255,"a":1},{"r":255,"g":255,"b":255,"a":1},{"r":255,"g":255,"b":255,"a":1},{"r":255,"g":255,"b":255,"a":1},{"r":255,"g":255,"b":255,"a":1},{"r":255,"g":255,"b":255,"a":1},{"r":255,"g":255,"b":255,"a":1},{"r":255,"g":255,"b":255,"a":1},{"r":255,"g":255,"b":255,"a":1},{"r":255,"g":255,"b":255,"a":1},{"r":255,"g":255,"b":255,"a":1},{"r":255,"g":255,"b":255,"a":1},{"r":255,"g":255,"b":255,"a":1},{"r":255,"g":255,"b":255,"a":1},{"r":255,"g":255,"b":255,"a":1},{"r":255,"g":255,"b":255,"a":1},{"r":255,"g":255,"b":255,"a":1},{"r":255,"g":255,"b":255,"a":1},{"r":255,"g":255,"b":255,"a":1},{"r":255,"g":255,"b":255,"a":1},{"r":255,"g":255,"b":255,"a":1},{"r":255,"g":255,"b":255,"a":1},{"r":255,"g":255,"b":255,"a":1},{"r":255,"g":255,"b":255,"a":1},{"r":255,"g":255,"b":255,"a":1},{"r":255,"g":255,"b":255,"a":1},{"r":255,"g":255,"b":255,"a":1},{"r":255,"g":255,"b":255,"a":1},{"r":255,"g":255,"b":255,"a":1},{"r":255,"g":255,"b":255,"a":1},{"r":255,"g":255,"b":255,"a":1},{"r":255,"g":255,"b":255,"a":1},{"r":255,"g":255,"b":255,"a":1},{"r":255,"g":255,"b":255,"a":1},{"r":255,"g":255,"b":255,"a":1},{"r":255,"g":255,"b":255,"a":1},{"r":255,"g":255,"b":255,"a":1},{"r":255,"g":255,"b":255,"a":1},{"r":255,"g":255,"b":255,"a":1},{"r":255,"g":255,"b":255,"a":1},{"r":255,"g":255,"b":255,"a":1},{"r":255,"g":255,"b":255,"a":1},{"r":255,"g":255,"b":255,"a":1},{"r":255,"g":255,"b":255,"a":1},{"r":255,"g":255,"b":255,"a":1},{"r":255,"g":255,"b":255,"a":1},{"r":255,"g":255,"b":255,"a":1},{"r":255,"g":255,"b":255,"a":1},{"r":255,"g":255,"b":255,"a":1},{"r":255,"g":255,"b":255,"a":1},{"r":255,"g":255,"b":255,"a":1},{"r":255,"g":255,"b":255,"a":1},{"r":255,"g":255,"b":255,"a":1},{"r":255,"g":255,"b":255,"a":1},{"r":255,"g":255,"b":255,"a":1},{"r":255,"g":255,"b":255,"a":1},{"r":255,"g":255,"b":255,"a":1},{"r":255,"g":255,"b":255,"a":1},{"r":255,"g":255,"b":255,"a":1},{"r":255,"g":255,"b":255,"a":1},{"r":255,"g":255,"b":255,"a":1},{"r":255,"g":255,"b":255,"a":1},{"r":255,"g":255,"b":255,"a":1},{"r":255,"g":255,"b":255,"a":1},{"r":255,"g":255,"b":255,"a":1},{"r":255,"g":255,"b":255,"a":1},{"r":255,"g":255,"b":255,"a":1},{"r":255,"g":255,"b":255,"a":1},{"r":255,"g":255,"b":255,"a":1},{"r":255,"g":255,"b":255,"a":1},{"r":255,"g":255,"b":255,"a":1},{"r":255,"g":255,"b":255,"a":1},{"r":255,"g":255,"b":255,"a":1},{"r":255,"g":255,"b":255,"a":1},{"r":255,"g":255,"b":255,"a":1},{"r":255,"g":255,"b":255,"a":1},{"r":255,"g":255,"b":255,"a":1},{"r":255,"g":255,"b":255,"a":1},{"r":255,"g":255,"b":255,"a":1},{"r":255,"g":255,"b":255,"a":1},{"r":255,"g":255,"b":255,"a":1},{"r":255,"g":255,"b":255,"a":1},{"r":255,"g":255,"b":255,"a":1},{"r":255,"g":255,"b":255,"a":1},{"r":255,"g":255,"b":255,"a":1},{"r":255,"g":255,"b":255,"a":1},{"r":255,"g":255,"b":255,"a":1},{"r":255,"g":255,"b":255,"a":1},{"r":255,"g":255,"b":255,"a":1},{"r":255,"g":255,"b":255,"a":1},{"r":255,"g":255,"b":255,"a":1},{"r":255,"g":255,"b":255,"a":1},{"r":255,"g":255,"b":255,"a":1},{"r":255,"g":255,"b":255,"a":1},{"r":255,"g":255,"b":255,"a":1},{"r":255,"g":255,"b":255,"a":1},{"r":255,"g":255,"b":255,"a":1},{"r":255,"g":255,"b":255,"a":1},{"r":255,"g":255,"b":255,"a":1},{"r":255,"g":255,"b":255,"a":1},{"r":255,"g":255,"b":255,"a":1},{"r":255,"g":255,"b":255,"a":1},{"r":255,"g":255,"b":255,"a":1},{"r":255,"g":255,"b":255,"a":1},{"r":255,"g":255,"b":255,"a":1},{"r":255,"g":255,"b":255,"a":1},{"r":255,"g":255,"b":255,"a":1},{"r":255,"g":255,"b":255,"a":1},{"r":255,"g":255,"b":255,"a":1},{"r":255,"g":255,"b":255,"a":1},{"r":255,"g":255,"b":255,"a":1},{"r":255,"g":255,"b":255,"a":1},{"r":255,"g":255,"b":255,"a":1},{"r":255,"g":255,"b":255,"a":1},{"r":255,"g":255,"b":255,"a":1},{"r":255,"g":255,"b":255,"a":1},{"r":255,"g":255,"b":255,"a":1},{"r":255,"g":255,"b":255,"a":1},{"r":255,"g":255,"b":255,"a":1},{"r":255,"g":255,"b":255,"a":1},{"r":255,"g":255,"b":255,"a":1},{"r":255,"g":255,"b":255,"a":1},{"r":255,"g":255,"b":255,"a":1},{"r":255,"g":255,"b":255,"a":1},{"r":255,"g":255,"b":255,"a":1},{"r":255,"g":255,"b":255,"a":1},{"r":255,"g":255,"b":255,"a":1},{"r":255,"g":255,"b":255,"a":1},{"r":255,"g":255,"b":255,"a":1},{"r":255,"g":255,"b":255,"a":1},{"r":255,"g":255,"b":255,"a":1},{"r":255,"g":255,"b":255,"a":1},{"r":255,"g":255,"b":255,"a":1},{"r":255,"g":255,"b":255,"a":1},{"r":255,"g":255,"b":255,"a":1},{"r":255,"g":255,"b":255,"a":1},{"r":255,"g":255,"b":255,"a":1},{"r":255,"g":255,"b":255,"a":1},{"r":255,"g":255,"b":255,"a":1},{"r":255,"g":255,"b":255,"a":1},{"r":255,"g":255,"b":255,"a":1},{"r":255,"g":255,"b":255,"a":1},{"r":255,"g":255,"b":255,"a":1},{"r":255,"g":255,"b":255,"a":1},{"r":255,"g":255,"b":255,"a":1},{"r":255,"g":255,"b":255,"a":1},{"r":255,"g":255,"b":255,"a":1},{"r":255,"g":255,"b":255,"a":1},{"r":255,"g":255,"b":255,"a":1},{"r":255,"g":255,"b":255,"a":1},{"r":255,"g":255,"b":255,"a":1},{"r":255,"g":255,"b":255,"a":1},{"r":255,"g":255,"b":255,"a":1},{"r":255,"g":255,"b":255,"a":1},{"r":255,"g":255,"b":255,"a":1},{"r":255,"g":255,"b":255,"a":1},{"r":255,"g":255,"b":255,"a":1},{"r":255,"g":255,"b":255,"a":1},{"r":255,"g":255,"b":255,"a":1},{"r":255,"g":255,"b":255,"a":1},{"r":255,"g":255,"b":255,"a":1},{"r":255,"g":255,"b":255,"a":1},{"r":255,"g":255,"b":255,"a":1},{"r":255,"g":255,"b":255,"a":1},{"r":255,"g":255,"b":255,"a":1},{"r":255,"g":255,"b":255,"a":1},{"r":255,"g":255,"b":255,"a":1},{"r":255,"g":255,"b":255,"a":1},{"r":255,"g":255,"b":255,"a":1},{"r":255,"g":255,"b":255,"a":1},{"r":255,"g":255,"b":255,"a":1},{"r":255,"g":255,"b":255,"a":1},{"r":255,"g":255,"b":255,"a":1},{"r":255,"g":255,"b":255,"a":1},{"r":255,"g":255,"b":255,"a":1},{"r":255,"g":255,"b":255,"a":1},{"r":255,"g":255,"b":255,"a":1},{"r":255,"g":255,"b":255,"a":1},{"r":255,"g":255,"b":255,"a":1},{"r":255,"g":255,"b":255,"a":1},{"r":255,"g":255,"b":255,"a":1},{"r":255,"g":255,"b":255,"a":1},{"r":255,"g":255,"b":255,"a":1},{"r":255,"g":255,"b":255,"a":1},{"r":255,"g":255,"b":255,"a":1},{"r":255,"g":255,"b":255,"a":1},{"r":255,"g":255,"b":255,"a":1},{"r":255,"g":255,"b":255,"a":1},{"r":255,"g":255,"b":255,"a":1},{"r":255,"g":255,"b":255,"a":1},{"r":255,"g":255,"b":255,"a":1},{"r":255,"g":255,"b":255,"a":1},{"r":255,"g":255,"b":255,"a":1},{"r":255,"g":255,"b":255,"a":1},{"r":255,"g":255,"b":255,"a":1},{"r":255,"g":255,"b":255,"a":1},{"r":255,"g":255,"b":255,"a":1},{"r":255,"g":255,"b":255,"a":1},{"r":255,"g":255,"b":255,"a":1},{"r":255,"g":255,"b":255,"a":1},{"r":255,"g":255,"b":255,"a":1},{"r":255,"g":255,"b":255,"a":1},{"r":255,"g":255,"b":255,"a":1},{"r":255,"g":255,"b":255,"a":1},{"r":255,"g":255,"b":255,"a":1},{"r":255,"g":255,"b":255,"a":1},{"r":255,"g":255,"b":255,"a":1},{"r":255,"g":255,"b":255,"a":1},{"r":255,"g":255,"b":255,"a":1},{"r":255,"g":255,"b":255,"a":1},{"r":255,"g":255,"b":255,"a":1},{"r":255,"g":255,"b":255,"a":1},{"r":255,"g":255,"b":255,"a":1},{"r":255,"g":255,"b":255,"a":1},{"r":255,"g":255,"b":255,"a":1},{"r":255,"g":255,"b":255,"a":1},{"r":255,"g":255,"b":255,"a":1},{"r":255,"g":255,"b":255,"a":1},{"r":255,"g":255,"b":255,"a":1},{"r":255,"g":255,"b":255,"a":1},{"r":255,"g":255,"b":255,"a":1},{"r":255,"g":255,"b":255,"a":1},{"r":255,"g":255,"b":255,"a":1},{"r":255,"g":255,"b":255,"a":1},{"r":255,"g":255,"b":255,"a":1},{"r":255,"g":255,"b":255,"a":1},{"r":255,"g":255,"b":255,"a":1},{"r":255,"g":255,"b":255,"a":1},{"r":255,"g":255,"b":255,"a":1},{"r":255,"g":255,"b":255,"a":1},{"r":255,"g":255,"b":255,"a":1},{"r":255,"g":255,"b":255,"a":1},{"r":255,"g":255,"b":255,"a":1},{"r":255,"g":255,"b":255,"a":1},{"r":255,"g":255,"b":255,"a":1},{"r":255,"g":255,"b":255,"a":1},{"r":255,"g":255,"b":255,"a":1},{"r":255,"g":255,"b":255,"a":1},{"r":255,"g":255,"b":255,"a":1},{"r":255,"g":255,"b":255,"a":1},{"r":255,"g":255,"b":255,"a":1},{"r":255,"g":255,"b":255,"a":1},{"r":255,"g":255,"b":255,"a":1},{"r":255,"g":255,"b":255,"a":1},{"r":255,"g":255,"b":255,"a":1},{"r":255,"g":255,"b":255,"a":1},{"r":255,"g":255,"b":255,"a":1},{"r":255,"g":255,"b":255,"a":1},{"r":255,"g":255,"b":255,"a":1},{"r":255,"g":255,"b":255,"a":1},{"r":255,"g":255,"b":255,"a":1},{"r":255,"g":255,"b":255,"a":1},{"r":255,"g":255,"b":255,"a":1},{"r":255,"g":255,"b":255,"a":1},{"r":255,"g":255,"b":255,"a":1},{"r":255,"g":255,"b":255,"a":1},{"r":255,"g":255,"b":255,"a":1},{"r":255,"g":255,"b":255,"a":1},{"r":255,"g":255,"b":255,"a":1},{"r":255,"g":255,"b":255,"a":1},{"r":255,"g":255,"b":255,"a":1},{"r":255,"g":255,"b":255,"a":1},{"r":255,"g":255,"b":255,"a":1},{"r":255,"g":255,"b":255,"a":1},{"r":255,"g":255,"b":255,"a":1},{"r":255,"g":255,"b":255,"a":1},{"r":255,"g":255,"b":255,"a":1},{"r":255,"g":255,"b":255,"a":1},{"r":255,"g":255,"b":255,"a":1},{"r":255,"g":255,"b":255,"a":1},{"r":255,"g":255,"b":255,"a":1},{"r":255,"g":255,"b":255,"a":1},{"r":255,"g":255,"b":255,"a":1},{"r":255,"g":255,"b":255,"a":1},{"r":255,"g":255,"b":255,"a":1},{"r":255,"g":255,"b":255,"a":1},{"r":255,"g":255,"b":255,"a":1},{"r":255,"g":255,"b":255,"a":1},{"r":255,"g":255,"b":255,"a":1},{"r":255,"g":255,"b":255,"a":1},{"r":255,"g":255,"b":255,"a":1},{"r":255,"g":255,"b":255,"a":1},{"r":255,"g":255,"b":255,"a":1},{"r":255,"g":255,"b":255,"a":1},{"r":255,"g":255,"b":255,"a":1},{"r":255,"g":255,"b":255,"a":1},{"r":255,"g":255,"b":255,"a":1},{"r":255,"g":255,"b":255,"a":1},{"r":255,"g":255,"b":255,"a":1},{"r":255,"g":255,"b":255,"a":1},{"r":255,"g":255,"b":255,"a":1},{"r":255,"g":255,"b":255,"a":1},{"r":255,"g":255,"b":255,"a":1},{"r":255,"g":255,"b":255,"a":1},{"r":255,"g":255,"b":255,"a":1},{"r":255,"g":255,"b":255,"a":1},{"r":255,"g":255,"b":255,"a":1},{"r":255,"g":255,"b":255,"a":1},{"r":255,"g":255,"b":255,"a":1},{"r":255,"g":255,"b":255,"a":1},{"r":255,"g":255,"b":255,"a":1},{"r":255,"g":255,"b":255,"a":1},{"r":255,"g":255,"b":255,"a":1},{"r":255,"g":255,"b":255,"a":1},{"r":255,"g":255,"b":255,"a":1},{"r":255,"g":255,"b":255,"a":1},{"r":255,"g":255,"b":255,"a":1},{"r":255,"g":255,"b":255,"a":1},{"r":255,"g":255,"b":255,"a":1},{"r":255,"g":255,"b":255,"a":1},{"r":255,"g":255,"b":255,"a":1},{"r":255,"g":255,"b":255,"a":1},{"r":255,"g":255,"b":255,"a":1},{"r":255,"g":255,"b":255,"a":1},{"r":255,"g":255,"b":255,"a":1},{"r":255,"g":255,"b":255,"a":1},{"r":255,"g":255,"b":255,"a":1},{"r":255,"g":255,"b":255,"a":1},{"r":255,"g":255,"b":255,"a":1},{"r":255,"g":255,"b":255,"a":1},{"r":255,"g":255,"b":255,"a":1},{"r":255,"g":255,"b":255,"a":1},{"r":255,"g":255,"b":255,"a":1},{"r":255,"g":255,"b":255,"a":1},{"r":255,"g":255,"b":255,"a":1},{"r":255,"g":255,"b":255,"a":1},{"r":255,"g":255,"b":255,"a":1},{"r":255,"g":255,"b":255,"a":1},{"r":255,"g":255,"b":255,"a":1},{"r":255,"g":255,"b":255,"a":1},{"r":255,"g":255,"b":255,"a":1},{"r":255,"g":255,"b":255,"a":1},{"r":255,"g":255,"b":255,"a":1},{"r":255,"g":255,"b":255,"a":1},{"r":255,"g":255,"b":255,"a":1},{"r":255,"g":255,"b":255,"a":1},{"r":255,"g":255,"b":255,"a":1},{"r":255,"g":255,"b":255,"a":1},{"r":255,"g":255,"b":255,"a":1},{"r":255,"g":255,"b":255,"a":1},{"r":255,"g":255,"b":255,"a":1},{"r":255,"g":255,"b":255,"a":1},{"r":255,"g":255,"b":255,"a":1},{"r":255,"g":255,"b":255,"a":1},{"r":255,"g":255,"b":255,"a":1},{"r":255,"g":255,"b":255,"a":1},{"r":255,"g":255,"b":255,"a":1},{"r":255,"g":255,"b":255,"a":1},{"r":255,"g":255,"b":255,"a":1},{"r":255,"g":255,"b":255,"a":1},{"r":255,"g":255,"b":255,"a":1},{"r":255,"g":255,"b":255,"a":1},{"r":255,"g":255,"b":255,"a":1},{"r":255,"g":255,"b":255,"a":1},{"r":255,"g":255,"b":255,"a":1},{"r":255,"g":255,"b":255,"a":1},{"r":255,"g":255,"b":255,"a":1},{"r":255,"g":255,"b":255,"a":1},{"r":255,"g":255,"b":255,"a":1},{"r":255,"g":255,"b":255,"a":1},{"r":255,"g":255,"b":255,"a":1},{"r":255,"g":255,"b":255,"a":1},{"r":255,"g":255,"b":255,"a":1},{"r":255,"g":255,"b":255,"a":1},{"r":255,"g":255,"b":255,"a":1},{"r":255,"g":255,"b":255,"a":1},{"r":255,"g":255,"b":255,"a":1},{"r":255,"g":255,"b":255,"a":1},{"r":255,"g":255,"b":255,"a":1},{"r":255,"g":255,"b":255,"a":1},{"r":255,"g":255,"b":255,"a":1},{"r":255,"g":255,"b":255,"a":1},{"r":255,"g":255,"b":255,"a":1},{"r":255,"g":255,"b":255,"a":1},{"r":255,"g":255,"b":255,"a":1},{"r":255,"g":255,"b":255,"a":1},{"r":255,"g":255,"b":255,"a":1},{"r":255,"g":255,"b":255,"a":1},{"r":255,"g":255,"b":255,"a":1},{"r":255,"g":255,"b":255,"a":1},{"r":255,"g":255,"b":255,"a":1},{"r":255,"g":255,"b":255,"a":1},{"r":255,"g":255,"b":255,"a":1},{"r":255,"g":255,"b":255,"a":1},{"r":255,"g":255,"b":255,"a":1},{"r":255,"g":255,"b":255,"a":1},{"r":255,"g":255,"b":255,"a":1},{"r":255,"g":255,"b":255,"a":1},{"r":255,"g":255,"b":255,"a":1},{"r":255,"g":255,"b":255,"a":1},{"r":255,"g":255,"b":255,"a":1},{"r":255,"g":255,"b":255,"a":1},{"r":255,"g":255,"b":255,"a":1},{"r":255,"g":255,"b":255,"a":1},{"r":255,"g":255,"b":255,"a":1},{"r":255,"g":255,"b":255,"a":1},{"r":255,"g":255,"b":255,"a":1},{"r":255,"g":255,"b":255,"a":1},{"r":255,"g":255,"b":255,"a":1},{"r":255,"g":255,"b":255,"a":1},{"r":255,"g":255,"b":255,"a":1},{"r":255,"g":255,"b":255,"a":1},{"r":255,"g":255,"b":255,"a":1},{"r":255,"g":255,"b":255,"a":1},{"r":255,"g":255,"b":255,"a":1},{"r":255,"g":255,"b":255,"a":1},{"r":255,"g":255,"b":255,"a":1},{"r":255,"g":255,"b":255,"a":1},{"r":255,"g":255,"b":255,"a":1},{"r":255,"g":255,"b":255,"a":1},{"r":255,"g":255,"b":255,"a":1},{"r":255,"g":255,"b":255,"a":1},{"r":255,"g":255,"b":255,"a":1},{"r":255,"g":255,"b":255,"a":1},{"r":255,"g":255,"b":255,"a":1},{"r":255,"g":255,"b":255,"a":1},{"r":255,"g":255,"b":255,"a":1},{"r":255,"g":255,"b":255,"a":1},{"r":255,"g":255,"b":255,"a":1},{"r":255,"g":255,"b":255,"a":1},{"r":255,"g":255,"b":255,"a":1},{"r":255,"g":255,"b":255,"a":1},{"r":255,"g":255,"b":255,"a":1},{"r":255,"g":255,"b":255,"a":1},{"r":255,"g":255,"b":255,"a":1},{"r":255,"g":255,"b":255,"a":1},{"r":255,"g":255,"b":255,"a":1},{"r":255,"g":255,"b":255,"a":1},{"r":255,"g":255,"b":255,"a":1},{"r":255,"g":255,"b":255,"a":1},{"r":255,"g":255,"b":255,"a":1},{"r":255,"g":255,"b":255,"a":1},{"r":255,"g":255,"b":255,"a":1},{"r":255,"g":255,"b":255,"a":1},{"r":255,"g":255,"b":255,"a":1},{"r":255,"g":255,"b":255,"a":1},{"r":255,"g":255,"b":255,"a":1},{"r":255,"g":255,"b":255,"a":1},{"r":255,"g":255,"b":255,"a":1},{"r":255,"g":255,"b":255,"a":1},{"r":255,"g":255,"b":255,"a":1},{"r":255,"g":255,"b":255,"a":1},{"r":255,"g":255,"b":255,"a":1},{"r":255,"g":255,"b":255,"a":1},{"r":255,"g":255,"b":255,"a":1},{"r":255,"g":255,"b":255,"a":1},{"r":255,"g":255,"b":255,"a":1},{"r":255,"g":255,"b":255,"a":1},{"r":255,"g":255,"b":255,"a":1},{"r":255,"g":255,"b":255,"a":1},{"r":255,"g":255,"b":255,"a":1},{"r":255,"g":255,"b":255,"a":1},{"r":255,"g":255,"b":255,"a":1},{"r":255,"g":255,"b":255,"a":1},{"r":255,"g":255,"b":255,"a":1},{"r":255,"g":255,"b":255,"a":1},{"r":255,"g":255,"b":255,"a":1},{"r":255,"g":255,"b":255,"a":1},{"r":255,"g":255,"b":255,"a":1},{"r":255,"g":255,"b":255,"a":1},{"r":255,"g":255,"b":255,"a":1},{"r":255,"g":255,"b":255,"a":1},{"r":255,"g":255,"b":255,"a":1},{"r":255,"g":255,"b":255,"a":1},{"r":255,"g":255,"b":255,"a":1},{"r":255,"g":255,"b":255,"a":1},{"r":255,"g":255,"b":255,"a":1},{"r":255,"g":255,"b":255,"a":1},{"r":255,"g":255,"b":255,"a":1},{"r":255,"g":255,"b":255,"a":1},{"r":255,"g":255,"b":255,"a":1},{"r":255,"g":255,"b":255,"a":1},{"r":255,"g":255,"b":255,"a":1},{"r":255,"g":255,"b":255,"a":1},{"r":255,"g":255,"b":255,"a":1},{"r":255,"g":255,"b":255,"a":1},{"r":255,"g":255,"b":255,"a":1},{"r":255,"g":255,"b":255,"a":1},{"r":255,"g":255,"b":255,"a":1},{"r":255,"g":255,"b":255,"a":1},{"r":255,"g":255,"b":255,"a":1},{"r":255,"g":255,"b":255,"a":1},{"r":255,"g":255,"b":255,"a":1},{"r":255,"g":255,"b":255,"a":1},{"r":255,"g":255,"b":255,"a":1},{"r":255,"g":255,"b":255,"a":1},{"r":255,"g":255,"b":255,"a":1},{"r":255,"g":255,"b":255,"a":1},{"r":255,"g":255,"b":255,"a":1},{"r":255,"g":255,"b":255,"a":1},{"r":255,"g":255,"b":255,"a":1},{"r":255,"g":255,"b":255,"a":1},{"r":255,"g":255,"b":255,"a":1},{"r":255,"g":255,"b":255,"a":1},{"r":255,"g":255,"b":255,"a":1},{"r":255,"g":255,"b":255,"a":1},{"r":255,"g":255,"b":255,"a":1},{"r":255,"g":255,"b":255,"a":1},{"r":255,"g":255,"b":255,"a":1},{"r":255,"g":255,"b":255,"a":1},{"r":255,"g":255,"b":255,"a":1},{"r":255,"g":255,"b":255,"a":1},{"r":255,"g":255,"b":255,"a":1},{"r":255,"g":255,"b":255,"a":1},{"r":255,"g":255,"b":255,"a":1},{"r":255,"g":255,"b":255,"a":1},{"r":255,"g":255,"b":255,"a":1},{"r":255,"g":255,"b":255,"a":1},{"r":255,"g":255,"b":255,"a":1},{"r":255,"g":255,"b":255,"a":1},{"r":255,"g":255,"b":255,"a":1},{"r":255,"g":255,"b":255,"a":1},{"r":255,"g":255,"b":255,"a":1},{"r":255,"g":255,"b":255,"a":1},{"r":255,"g":255,"b":255,"a":1},{"r":255,"g":255,"b":255,"a":1},{"r":255,"g":255,"b":255,"a":1},{"r":255,"g":255,"b":255,"a":1},{"r":255,"g":255,"b":255,"a":1},{"r":255,"g":255,"b":255,"a":1},{"r":255,"g":255,"b":255,"a":1},{"r":255,"g":255,"b":255,"a":1},{"r":255,"g":255,"b":255,"a":1},{"r":255,"g":255,"b":255,"a":1},{"r":255,"g":255,"b":255,"a":1},{"r":255,"g":255,"b":255,"a":1},{"r":255,"g":255,"b":255,"a":1},{"r":255,"g":255,"b":255,"a":1},{"r":255,"g":255,"b":255,"a":1},{"r":255,"g":255,"b":255,"a":1},{"r":255,"g":255,"b":255,"a":1},{"r":255,"g":255,"b":255,"a":1},{"r":255,"g":255,"b":255,"a":1},{"r":255,"g":255,"b":255,"a":1},{"r":255,"g":255,"b":255,"a":1},{"r":255,"g":255,"b":255,"a":1},{"r":255,"g":255,"b":255,"a":1},{"r":255,"g":255,"b":255,"a":1},{"r":255,"g":255,"b":255,"a":1},{"r":255,"g":255,"b":255,"a":1},{"r":255,"g":255,"b":255,"a":1},{"r":255,"g":255,"b":255,"a":1},{"r":255,"g":255,"b":255,"a":1},{"r":255,"g":255,"b":255,"a":1},{"r":255,"g":255,"b":255,"a":1},{"r":255,"g":255,"b":255,"a":1},{"r":255,"g":255,"b":255,"a":1},{"r":255,"g":255,"b":255,"a":1},{"r":255,"g":255,"b":255,"a":1},{"r":255,"g":255,"b":255,"a":1},{"r":255,"g":255,"b":255,"a":1},{"r":255,"g":255,"b":255,"a":1},{"r":255,"g":255,"b":255,"a":1},{"r":255,"g":255,"b":255,"a":1},{"r":255,"g":255,"b":255,"a":1},{"r":255,"g":255,"b":255,"a":1},{"r":255,"g":255,"b":255,"a":1},{"r":255,"g":255,"b":255,"a":1},{"r":255,"g":255,"b":255,"a":1},{"r":255,"g":255,"b":255,"a":1},{"r":255,"g":255,"b":255,"a":1},{"r":255,"g":255,"b":255,"a":1},{"r":255,"g":255,"b":255,"a":1},{"r":255,"g":255,"b":255,"a":1},{"r":255,"g":255,"b":255,"a":1},{"r":255,"g":255,"b":255,"a":1},{"r":255,"g":255,"b":255,"a":1},{"r":255,"g":255,"b":255,"a":1},{"r":255,"g":255,"b":255,"a":1},{"r":255,"g":255,"b":255,"a":1},{"r":255,"g":255,"b":255,"a":1},{"r":255,"g":255,"b":255,"a":1},{"r":255,"g":255,"b":255,"a":1},{"r":255,"g":255,"b":255,"a":1},{"r":255,"g":255,"b":255,"a":1},{"r":255,"g":255,"b":255,"a":1},{"r":255,"g":255,"b":255,"a":1},{"r":255,"g":255,"b":255,"a":1},{"r":255,"g":255,"b":255,"a":1},{"r":255,"g":255,"b":255,"a":1},{"r":255,"g":255,"b":255,"a":1},{"r":255,"g":255,"b":255,"a":1},{"r":255,"g":255,"b":255,"a":1},{"r":255,"g":255,"b":255,"a":1},{"r":255,"g":255,"b":255,"a":1},{"r":255,"g":255,"b":255,"a":1},{"r":255,"g":255,"b":255,"a":1},{"r":255,"g":255,"b":255,"a":1},{"r":255,"g":255,"b":255,"a":1},{"r":255,"g":255,"b":255,"a":1},{"r":255,"g":255,"b":255,"a":1},{"r":255,"g":255,"b":255,"a":1},{"r":255,"g":255,"b":255,"a":1},{"r":255,"g":255,"b":255,"a":1},{"r":255,"g":255,"b":255,"a":1},{"r":255,"g":255,"b":255,"a":1},{"r":255,"g":255,"b":255,"a":1},{"r":255,"g":255,"b":255,"a":1},{"r":255,"g":255,"b":255,"a":1},{"r":255,"g":255,"b":255,"a":1},{"r":255,"g":255,"b":255,"a":1},{"r":255,"g":255,"b":255,"a":1},{"r":255,"g":255,"b":255,"a":1},{"r":255,"g":255,"b":255,"a":1},{"r":255,"g":255,"b":255,"a":1},{"r":255,"g":255,"b":255,"a":1},{"r":255,"g":255,"b":255,"a":1},{"r":255,"g":255,"b":255,"a":1},{"r":255,"g":255,"b":255,"a":1},{"r":255,"g":255,"b":255,"a":1},{"r":255,"g":255,"b":255,"a":1},{"r":255,"g":255,"b":255,"a":1},{"r":255,"g":255,"b":255,"a":1},{"r":255,"g":255,"b":255,"a":1},{"r":255,"g":255,"b":255,"a":1},{"r":255,"g":255,"b":255,"a":1},{"r":255,"g":255,"b":255,"a":1},{"r":255,"g":255,"b":255,"a":1},{"r":255,"g":255,"b":255,"a":1},{"r":255,"g":255,"b":255,"a":1},{"r":255,"g":255,"b":255,"a":1},{"r":255,"g":255,"b":255,"a":1},{"r":255,"g":255,"b":255,"a":1},{"r":255,"g":255,"b":255,"a":1},{"r":255,"g":255,"b":255,"a":1},{"r":255,"g":255,"b":255,"a":1},{"r":255,"g":255,"b":255,"a":1},{"r":255,"g":255,"b":255,"a":1},{"r":255,"g":255,"b":255,"a":1},{"r":255,"g":255,"b":255,"a":1},{"r":255,"g":255,"b":255,"a":1},{"r":255,"g":255,"b":255,"a":1},{"r":255,"g":255,"b":255,"a":1},{"r":255,"g":255,"b":255,"a":1},{"r":255,"g":255,"b":255,"a":1},{"r":255,"g":255,"b":255,"a":1},{"r":255,"g":255,"b":255,"a":1},{"r":255,"g":255,"b":255,"a":1},{"r":255,"g":255,"b":255,"a":1},{"r":255,"g":255,"b":255,"a":1},{"r":255,"g":255,"b":255,"a":1},{"r":255,"g":255,"b":255,"a":1},{"r":255,"g":255,"b":255,"a":1},{"r":255,"g":255,"b":255,"a":1},{"r":255,"g":255,"b":255,"a":1},{"r":255,"g":255,"b":255,"a":1},{"r":255,"g":255,"b":255,"a":1},{"r":255,"g":255,"b":255,"a":1},{"r":255,"g":255,"b":255,"a":1},{"r":255,"g":255,"b":255,"a":1},{"r":255,"g":255,"b":255,"a":1},{"r":255,"g":255,"b":255,"a":1},{"r":255,"g":255,"b":255,"a":1},{"r":255,"g":255,"b":255,"a":1},{"r":255,"g":255,"b":255,"a":1},{"r":255,"g":255,"b":255,"a":1},{"r":255,"g":255,"b":255,"a":1},{"r":255,"g":255,"b":255,"a":1},{"r":255,"g":255,"b":255,"a":1},{"r":255,"g":255,"b":255,"a":1},{"r":255,"g":255,"b":255,"a":1},{"r":255,"g":255,"b":255,"a":1},{"r":255,"g":255,"b":255,"a":1},{"r":255,"g":255,"b":255,"a":1},{"r":255,"g":255,"b":255,"a":1},{"r":255,"g":255,"b":255,"a":1},{"r":255,"g":255,"b":255,"a":1},{"r":255,"g":255,"b":255,"a":1},{"r":255,"g":255,"b":255,"a":1},{"r":255,"g":255,"b":255,"a":1},{"r":255,"g":255,"b":255,"a":1},{"r":255,"g":255,"b":255,"a":1},{"r":255,"g":255,"b":255,"a":1},{"r":255,"g":255,"b":255,"a":1},{"r":255,"g":255,"b":255,"a":1},{"r":255,"g":255,"b":255,"a":1},{"r":255,"g":255,"b":255,"a":1},{"r":255,"g":255,"b":255,"a":1},{"r":255,"g":255,"b":255,"a":1},{"r":255,"g":255,"b":255,"a":1},{"r":255,"g":255,"b":255,"a":1},{"r":255,"g":255,"b":255,"a":1},{"r":255,"g":255,"b":255,"a":1},{"r":255,"g":255,"b":255,"a":1},{"r":255,"g":255,"b":255,"a":1},{"r":255,"g":255,"b":255,"a":1},{"r":255,"g":255,"b":255,"a":1},{"r":255,"g":255,"b":255,"a":1},{"r":255,"g":255,"b":255,"a":1},{"r":255,"g":255,"b":255,"a":1},{"r":255,"g":255,"b":255,"a":1},{"r":255,"g":255,"b":255,"a":1},{"r":255,"g":255,"b":255,"a":1},{"r":255,"g":255,"b":255,"a":1},{"r":255,"g":255,"b":255,"a":1},{"r":255,"g":255,"b":255,"a":1},{"r":255,"g":255,"b":255,"a":1},{"r":255,"g":255,"b":255,"a":1},{"r":255,"g":255,"b":255,"a":1},{"r":255,"g":255,"b":255,"a":1},{"r":255,"g":255,"b":255,"a":1},{"r":255,"g":255,"b":255,"a":1},{"r":255,"g":255,"b":255,"a":1},{"r":255,"g":255,"b":255,"a":1},{"r":255,"g":255,"b":255,"a":1},{"r":255,"g":255,"b":255,"a":1},{"r":255,"g":255,"b":255,"a":1},{"r":255,"g":255,"b":255,"a":1},{"r":255,"g":255,"b":255,"a":1},{"r":255,"g":255,"b":255,"a":1},{"r":255,"g":255,"b":255,"a":1},{"r":255,"g":255,"b":255,"a":1},{"r":255,"g":255,"b":255,"a":1},{"r":255,"g":255,"b":255,"a":1},{"r":255,"g":255,"b":255,"a":1},{"r":255,"g":255,"b":255,"a":1},{"r":255,"g":255,"b":255,"a":1},{"r":255,"g":255,"b":255,"a":1},{"r":255,"g":255,"b":255,"a":1},{"r":255,"g":255,"b":255,"a":1},{"r":255,"g":255,"b":255,"a":1},{"r":255,"g":255,"b":255,"a":1},{"r":255,"g":255,"b":255,"a":1},{"r":255,"g":255,"b":255,"a":1},{"r":255,"g":255,"b":255,"a":1},{"r":255,"g":255,"b":255,"a":1},{"r":255,"g":255,"b":255,"a":1},{"r":255,"g":255,"b":255,"a":1},{"r":255,"g":255,"b":255,"a":1},{"r":255,"g":255,"b":255,"a":1},{"r":255,"g":255,"b":255,"a":1},{"r":255,"g":255,"b":255,"a":1},{"r":255,"g":255,"b":255,"a":1},{"r":255,"g":255,"b":255,"a":1},{"r":255,"g":255,"b":255,"a":1},{"r":255,"g":255,"b":255,"a":1},{"r":255,"g":255,"b":255,"a":1},{"r":255,"g":255,"b":255,"a":1},{"r":255,"g":255,"b":255,"a":1},{"r":255,"g":255,"b":255,"a":1},{"r":255,"g":255,"b":255,"a":1},{"r":255,"g":255,"b":255,"a":1},{"r":255,"g":255,"b":255,"a":1},{"r":255,"g":255,"b":255,"a":1},{"r":255,"g":255,"b":255,"a":1},{"r":255,"g":255,"b":255,"a":1},{"r":255,"g":255,"b":255,"a":1},{"r":255,"g":255,"b":255,"a":1},{"r":255,"g":255,"b":255,"a":1},{"r":255,"g":255,"b":255,"a":1},{"r":255,"g":255,"b":255,"a":1},{"r":255,"g":255,"b":255,"a":1},{"r":255,"g":255,"b":255,"a":1},{"r":255,"g":255,"b":255,"a":1},{"r":255,"g":255,"b":255,"a":1},{"r":255,"g":255,"b":255,"a":1},{"r":255,"g":255,"b":255,"a":1},{"r":255,"g":255,"b":255,"a":1},{"r":255,"g":255,"b":255,"a":1},{"r":255,"g":255,"b":255,"a":1},{"r":255,"g":255,"b":255,"a":1},{"r":255,"g":255,"b":255,"a":1},{"r":255,"g":255,"b":255,"a":1},{"r":255,"g":255,"b":255,"a":1},{"r":255,"g":255,"b":255,"a":1},{"r":255,"g":255,"b":255,"a":1},{"r":255,"g":255,"b":255,"a":1},{"r":255,"g":255,"b":255,"a":1},{"r":255,"g":255,"b":255,"a":1},{"r":255,"g":255,"b":255,"a":1},{"r":255,"g":255,"b":255,"a":1},{"r":255,"g":255,"b":255,"a":1},{"r":255,"g":255,"b":255,"a":1},{"r":255,"g":255,"b":255,"a":1},{"r":255,"g":255,"b":255,"a":1},{"r":255,"g":255,"b":255,"a":1},{"r":255,"g":255,"b":255,"a":1},{"r":255,"g":255,"b":255,"a":1},{"r":255,"g":255,"b":255,"a":1},{"r":255,"g":255,"b":255,"a":1},{"r":255,"g":255,"b":255,"a":1},{"r":255,"g":255,"b":255,"a":1},{"r":255,"g":255,"b":255,"a":1},{"r":255,"g":255,"b":255,"a":1},{"r":255,"g":255,"b":255,"a":1},{"r":255,"g":255,"b":255,"a":1},{"r":255,"g":255,"b":255,"a":1},{"r":255,"g":255,"b":255,"a":1},{"r":255,"g":255,"b":255,"a":1},{"r":255,"g":255,"b":255,"a":1},{"r":255,"g":255,"b":255,"a":1},{"r":255,"g":255,"b":255,"a":1},{"r":255,"g":255,"b":255,"a":1},{"r":255,"g":255,"b":255,"a":1},{"r":255,"g":255,"b":255,"a":1},{"r":255,"g":255,"b":255,"a":1},{"r":255,"g":255,"b":255,"a":1},{"r":255,"g":255,"b":255,"a":1},{"r":255,"g":255,"b":255,"a":1},{"r":255,"g":255,"b":255,"a":1},{"r":255,"g":255,"b":255,"a":1},{"r":255,"g":255,"b":255,"a":1},{"r":255,"g":255,"b":255,"a":1},{"r":255,"g":255,"b":255,"a":1},{"r":255,"g":255,"b":255,"a":1},{"r":255,"g":255,"b":255,"a":1},{"r":255,"g":255,"b":255,"a":1},{"r":255,"g":255,"b":255,"a":1},{"r":255,"g":255,"b":255,"a":1},{"r":255,"g":255,"b":255,"a":1},{"r":255,"g":255,"b":255,"a":1},{"r":255,"g":255,"b":255,"a":1},{"r":255,"g":255,"b":255,"a":1},{"r":255,"g":255,"b":255,"a":1},{"r":255,"g":255,"b":255,"a":1},{"r":255,"g":255,"b":255,"a":1},{"r":255,"g":255,"b":255,"a":1},{"r":255,"g":255,"b":255,"a":1},{"r":255,"g":255,"b":255,"a":1},{"r":255,"g":255,"b":255,"a":1},{"r":255,"g":255,"b":255,"a":1},{"r":255,"g":255,"b":255,"a":1},{"r":255,"g":255,"b":255,"a":1},{"r":255,"g":255,"b":255,"a":1},{"r":255,"g":255,"b":255,"a":1},{"r":255,"g":255,"b":255,"a":1},{"r":255,"g":255,"b":255,"a":1},{"r":255,"g":255,"b":255,"a":1},{"r":255,"g":255,"b":255,"a":1},{"r":255,"g":255,"b":255,"a":1},{"r":255,"g":255,"b":255,"a":1},{"r":255,"g":255,"b":255,"a":1},{"r":255,"g":255,"b":255,"a":1},{"r":255,"g":255,"b":255,"a":1},{"r":255,"g":255,"b":255,"a":1},{"r":255,"g":255,"b":255,"a":1},{"r":255,"g":255,"b":255,"a":1},{"r":255,"g":255,"b":255,"a":1},{"r":255,"g":255,"b":255,"a":1},{"r":255,"g":255,"b":255,"a":1},{"r":255,"g":255,"b":255,"a":1},{"r":255,"g":255,"b":255,"a":1},{"r":255,"g":255,"b":255,"a":1},{"r":255,"g":255,"b":255,"a":1},{"r":255,"g":255,"b":255,"a":1},{"r":255,"g":255,"b":255,"a":1},{"r":255,"g":255,"b":255,"a":1},{"r":255,"g":255,"b":255,"a":1},{"r":255,"g":255,"b":255,"a":1},{"r":255,"g":255,"b":255,"a":1},{"r":255,"g":255,"b":255,"a":1},{"r":255,"g":255,"b":255,"a":1},{"r":255,"g":255,"b":255,"a":1},{"r":255,"g":255,"b":255,"a":1},{"r":255,"g":255,"b":255,"a":1},{"r":255,"g":255,"b":255,"a":1},{"r":255,"g":255,"b":255,"a":1},{"r":255,"g":255,"b":255,"a":1},{"r":255,"g":255,"b":255,"a":1},{"r":255,"g":255,"b":255,"a":1},{"r":255,"g":255,"b":255,"a":1},{"r":255,"g":255,"b":255,"a":1},{"r":255,"g":255,"b":255,"a":1},{"r":255,"g":255,"b":255,"a":1},{"r":255,"g":255,"b":255,"a":1},{"r":255,"g":255,"b":255,"a":1},{"r":255,"g":255,"b":255,"a":1},{"r":255,"g":255,"b":255,"a":1},{"r":255,"g":255,"b":255,"a":1},{"r":255,"g":255,"b":255,"a":1},{"r":255,"g":255,"b":255,"a":1},{"r":255,"g":255,"b":255,"a":1},{"r":255,"g":255,"b":255,"a":1},{"r":255,"g":255,"b":255,"a":1},{"r":255,"g":255,"b":255,"a":1},{"r":255,"g":255,"b":255,"a":1},{"r":255,"g":255,"b":255,"a":1},{"r":255,"g":255,"b":255,"a":1},{"r":255,"g":255,"b":255,"a":1},{"r":255,"g":255,"b":255,"a":1},{"r":255,"g":255,"b":255,"a":1},{"r":255,"g":255,"b":255,"a":1},{"r":255,"g":255,"b":255,"a":1},{"r":255,"g":255,"b":255,"a":1},{"r":255,"g":255,"b":255,"a":1},{"r":255,"g":255,"b":255,"a":1},{"r":255,"g":255,"b":255,"a":1},{"r":255,"g":255,"b":255,"a":1},{"r":255,"g":255,"b":255,"a":1},{"r":255,"g":255,"b":255,"a":1},{"r":255,"g":255,"b":255,"a":1},{"r":255,"g":255,"b":255,"a":1},{"r":255,"g":255,"b":255,"a":1},{"r":255,"g":255,"b":255,"a":1},{"r":255,"g":255,"b":255,"a":1},{"r":255,"g":255,"b":255,"a":1},{"r":255,"g":255,"b":255,"a":1},{"r":255,"g":255,"b":255,"a":1},{"r":255,"g":255,"b":255,"a":1},{"r":255,"g":255,"b":255,"a":1},{"r":255,"g":255,"b":255,"a":1},{"r":255,"g":255,"b":255,"a":1},{"r":255,"g":255,"b":255,"a":1},{"r":255,"g":255,"b":255,"a":1},{"r":255,"g":255,"b":255,"a":1},{"r":255,"g":255,"b":255,"a":1},{"r":255,"g":255,"b":255,"a":1},{"r":255,"g":255,"b":255,"a":1},{"r":255,"g":255,"b":255,"a":1},{"r":255,"g":255,"b":255,"a":1},{"r":255,"g":255,"b":255,"a":1},{"r":255,"g":255,"b":255,"a":1},{"r":255,"g":255,"b":255,"a":1},{"r":255,"g":255,"b":255,"a":1},{"r":255,"g":255,"b":255,"a":1},{"r":255,"g":255,"b":255,"a":1},{"r":255,"g":255,"b":255,"a":1},{"r":255,"g":255,"b":255,"a":1},{"r":255,"g":255,"b":255,"a":1},{"r":255,"g":255,"b":255,"a":1},{"r":255,"g":255,"b":255,"a":1},{"r":255,"g":255,"b":255,"a":1},{"r":255,"g":255,"b":255,"a":1},{"r":255,"g":255,"b":255,"a":1},{"r":255,"g":255,"b":255,"a":1},{"r":255,"g":255,"b":255,"a":1},{"r":255,"g":255,"b":255,"a":1},{"r":255,"g":255,"b":255,"a":1},{"r":255,"g":255,"b":255,"a":1},{"r":255,"g":255,"b":255,"a":1},{"r":255,"g":255,"b":255,"a":1},{"r":255,"g":255,"b":255,"a":1},{"r":255,"g":255,"b":255,"a":1},{"r":255,"g":255,"b":255,"a":1},{"r":255,"g":255,"b":255,"a":1},{"r":255,"g":255,"b":255,"a":1},{"r":255,"g":255,"b":255,"a":1},{"r":255,"g":255,"b":255,"a":1},{"r":255,"g":255,"b":255,"a":1},{"r":255,"g":255,"b":255,"a":1},{"r":255,"g":255,"b":255,"a":1},{"r":255,"g":255,"b":255,"a":1},{"r":255,"g":255,"b":255,"a":1},{"r":255,"g":255,"b":255,"a":1},{"r":255,"g":255,"b":255,"a":1},{"r":255,"g":255,"b":255,"a":1},{"r":255,"g":255,"b":255,"a":1},{"r":255,"g":255,"b":255,"a":1},{"r":255,"g":255,"b":255,"a":1},{"r":255,"g":255,"b":255,"a":1},{"r":255,"g":255,"b":255,"a":1},{"r":255,"g":255,"b":255,"a":1},{"r":255,"g":255,"b":255,"a":1},{"r":255,"g":255,"b":255,"a":1},{"r":255,"g":255,"b":255,"a":1},{"r":255,"g":255,"b":255,"a":1},{"r":255,"g":255,"b":255,"a":1},{"r":255,"g":255,"b":255,"a":1},{"r":255,"g":255,"b":255,"a":1},{"r":255,"g":255,"b":255,"a":1},{"r":255,"g":255,"b":255,"a":1},{"r":255,"g":255,"b":255,"a":1},{"r":255,"g":255,"b":255,"a":1},{"r":255,"g":255,"b":255,"a":1},{"r":255,"g":255,"b":255,"a":1},{"r":255,"g":255,"b":255,"a":1},{"r":255,"g":255,"b":255,"a":1},{"r":255,"g":255,"b":255,"a":1},{"r":255,"g":255,"b":255,"a":1},{"r":255,"g":255,"b":255,"a":1},{"r":255,"g":255,"b":255,"a":1},{"r":255,"g":255,"b":255,"a":1},{"r":255,"g":255,"b":255,"a":1},{"r":255,"g":255,"b":255,"a":1},{"r":255,"g":255,"b":255,"a":1},{"r":255,"g":255,"b":255,"a":1},{"r":255,"g":255,"b":255,"a":1},{"r":255,"g":255,"b":255,"a":1},{"r":255,"g":255,"b":255,"a":1},{"r":255,"g":255,"b":255,"a":1},{"r":255,"g":255,"b":255,"a":1},{"r":255,"g":255,"b":255,"a":1},{"r":255,"g":255,"b":255,"a":1},{"r":255,"g":255,"b":255,"a":1},{"r":255,"g":255,"b":255,"a":1},{"r":255,"g":255,"b":255,"a":1},{"r":255,"g":255,"b":255,"a":1},{"r":255,"g":255,"b":255,"a":1},{"r":255,"g":255,"b":255,"a":1},{"r":255,"g":255,"b":255,"a":1},{"r":255,"g":255,"b":255,"a":1},{"r":255,"g":255,"b":255,"a":1},{"r":255,"g":255,"b":255,"a":1},{"r":255,"g":255,"b":255,"a":1},{"r":255,"g":255,"b":255,"a":1},{"r":255,"g":255,"b":255,"a":1},{"r":255,"g":255,"b":255,"a":1},{"r":255,"g":255,"b":255,"a":1},{"r":255,"g":255,"b":255,"a":1},{"r":255,"g":255,"b":255,"a":1},{"r":255,"g":255,"b":255,"a":1},{"r":255,"g":255,"b":255,"a":1},{"r":255,"g":255,"b":255,"a":1},{"r":255,"g":255,"b":255,"a":1},{"r":255,"g":255,"b":255,"a":1},{"r":255,"g":255,"b":255,"a":1},{"r":255,"g":255,"b":255,"a":1},{"r":255,"g":255,"b":255,"a":1},{"r":255,"g":255,"b":255,"a":1},{"r":255,"g":255,"b":255,"a":1},{"r":255,"g":255,"b":255,"a":1},{"r":255,"g":255,"b":255,"a":1},{"r":255,"g":255,"b":255,"a":1},{"r":255,"g":255,"b":255,"a":1},{"r":255,"g":255,"b":255,"a":1},{"r":255,"g":255,"b":255,"a":1},{"r":255,"g":255,"b":255,"a":1},{"r":255,"g":255,"b":255,"a":1},{"r":255,"g":255,"b":255,"a":1},{"r":255,"g":255,"b":255,"a":1},{"r":255,"g":255,"b":255,"a":1},{"r":255,"g":255,"b":255,"a":1},{"r":255,"g":255,"b":255,"a":1},{"r":255,"g":255,"b":255,"a":1},{"r":255,"g":255,"b":255,"a":1},{"r":255,"g":255,"b":255,"a":1},{"r":255,"g":255,"b":255,"a":1},{"r":255,"g":255,"b":255,"a":1},{"r":255,"g":255,"b":255,"a":1},{"r":255,"g":255,"b":255,"a":1},{"r":255,"g":255,"b":255,"a":1},{"r":255,"g":255,"b":255,"a":1},{"r":255,"g":255,"b":255,"a":1},{"r":255,"g":255,"b":255,"a":1},{"r":255,"g":255,"b":255,"a":1},{"r":255,"g":255,"b":255,"a":1},{"r":255,"g":255,"b":255,"a":1},{"r":255,"g":255,"b":255,"a":1},{"r":255,"g":255,"b":255,"a":1},{"r":255,"g":255,"b":255,"a":1},{"r":255,"g":255,"b":255,"a":1},{"r":255,"g":255,"b":255,"a":1},{"r":255,"g":255,"b":255,"a":1},{"r":255,"g":255,"b":255,"a":1},{"r":255,"g":255,"b":255,"a":1},{"r":255,"g":255,"b":255,"a":1},{"r":255,"g":255,"b":255,"a":1},{"r":255,"g":255,"b":255,"a":1},{"r":255,"g":255,"b":255,"a":1},{"r":255,"g":255,"b":255,"a":1},{"r":255,"g":255,"b":255,"a":1},{"r":255,"g":255,"b":255,"a":1},{"r":255,"g":255,"b":255,"a":1},{"r":255,"g":255,"b":255,"a":1},{"r":255,"g":255,"b":255,"a":1},{"r":255,"g":255,"b":255,"a":1},{"r":255,"g":255,"b":255,"a":1},{"r":255,"g":255,"b":255,"a":1},{"r":255,"g":255,"b":255,"a":1},{"r":255,"g":255,"b":255,"a":1},{"r":255,"g":255,"b":255,"a":1},{"r":255,"g":255,"b":255,"a":1},{"r":255,"g":255,"b":255,"a":1},{"r":255,"g":255,"b":255,"a":1},{"r":255,"g":255,"b":255,"a":1},{"r":255,"g":255,"b":255,"a":1},{"r":255,"g":255,"b":255,"a":1},{"r":255,"g":255,"b":255,"a":1},{"r":255,"g":255,"b":255,"a":1},{"r":255,"g":255,"b":255,"a":1},{"r":255,"g":255,"b":255,"a":1},{"r":255,"g":255,"b":255,"a":1},{"r":255,"g":255,"b":255,"a":1},{"r":255,"g":255,"b":255,"a":1},{"r":255,"g":255,"b":255,"a":1},{"r":255,"g":255,"b":255,"a":1},{"r":255,"g":255,"b":255,"a":1},{"r":255,"g":255,"b":255,"a":1},{"r":255,"g":255,"b":255,"a":1},{"r":255,"g":255,"b":255,"a":1},{"r":255,"g":255,"b":255,"a":1},{"r":255,"g":255,"b":255,"a":1},{"r":255,"g":255,"b":255,"a":1},{"r":255,"g":255,"b":255,"a":1},{"r":255,"g":255,"b":255,"a":1},{"r":255,"g":255,"b":255,"a":1},{"r":255,"g":255,"b":255,"a":1},{"r":255,"g":255,"b":255,"a":1},{"r":255,"g":255,"b":255,"a":1},{"r":255,"g":255,"b":255,"a":1},{"r":255,"g":255,"b":255,"a":1},{"r":255,"g":255,"b":255,"a":1},{"r":255,"g":255,"b":255,"a":1},{"r":255,"g":255,"b":255,"a":1},{"r":255,"g":255,"b":255,"a":1},{"r":255,"g":255,"b":255,"a":1},{"r":255,"g":255,"b":255,"a":1},{"r":255,"g":255,"b":255,"a":1},{"r":255,"g":255,"b":255,"a":1},{"r":255,"g":255,"b":255,"a":1},{"r":255,"g":255,"b":255,"a":1},{"r":255,"g":255,"b":255,"a":1},{"r":255,"g":255,"b":255,"a":1},{"r":255,"g":255,"b":255,"a":1},{"r":255,"g":255,"b":255,"a":1},{"r":255,"g":255,"b":255,"a":1},{"r":255,"g":255,"b":255,"a":1},{"r":255,"g":255,"b":255,"a":1},{"r":255,"g":255,"b":255,"a":1},{"r":255,"g":255,"b":255,"a":1},{"r":255,"g":255,"b":255,"a":1},{"r":255,"g":255,"b":255,"a":1},{"r":255,"g":255,"b":255,"a":1},{"r":255,"g":255,"b":255,"a":1},{"r":255,"g":255,"b":255,"a":1},{"r":255,"g":255,"b":255,"a":1},{"r":255,"g":255,"b":255,"a":1},{"r":255,"g":255,"b":255,"a":1},{"r":255,"g":255,"b":255,"a":1},{"r":255,"g":255,"b":255,"a":1},{"r":255,"g":255,"b":255,"a":1},{"r":255,"g":255,"b":255,"a":1},{"r":255,"g":255,"b":255,"a":1},{"r":255,"g":255,"b":255,"a":1},{"r":255,"g":255,"b":255,"a":1},{"r":255,"g":255,"b":255,"a":1},{"r":255,"g":255,"b":255,"a":1},{"r":255,"g":255,"b":255,"a":1},{"r":255,"g":255,"b":255,"a":1},{"r":255,"g":255,"b":255,"a":1},{"r":255,"g":255,"b":255,"a":1},{"r":255,"g":255,"b":255,"a":1},{"r":255,"g":255,"b":255,"a":1},{"r":255,"g":255,"b":255,"a":1},{"r":255,"g":255,"b":255,"a":1},{"r":255,"g":255,"b":255,"a":1},{"r":255,"g":255,"b":255,"a":1},{"r":255,"g":255,"b":255,"a":1},{"r":255,"g":255,"b":255,"a":1},{"r":255,"g":255,"b":255,"a":1},{"r":255,"g":255,"b":255,"a":1},{"r":255,"g":255,"b":255,"a":1},{"r":255,"g":255,"b":255,"a":1},{"r":255,"g":255,"b":255,"a":1},{"r":255,"g":255,"b":255,"a":1},{"r":255,"g":255,"b":255,"a":1},{"r":255,"g":255,"b":255,"a":1},{"r":255,"g":255,"b":255,"a":1},{"r":255,"g":255,"b":255,"a":1},{"r":255,"g":255,"b":255,"a":1},{"r":255,"g":255,"b":255,"a":1},{"r":255,"g":255,"b":255,"a":1},{"r":255,"g":255,"b":255,"a":1},{"r":255,"g":255,"b":255,"a":1},{"r":255,"g":255,"b":255,"a":1},{"r":255,"g":255,"b":255,"a":1},{"r":255,"g":255,"b":255,"a":1},{"r":255,"g":255,"b":255,"a":1},{"r":255,"g":255,"b":255,"a":1},{"r":255,"g":255,"b":255,"a":1},{"r":255,"g":255,"b":255,"a":1},{"r":255,"g":255,"b":255,"a":1},{"r":255,"g":255,"b":255,"a":1},{"r":255,"g":255,"b":255,"a":1},{"r":255,"g":255,"b":255,"a":1},{"r":255,"g":255,"b":255,"a":1},{"r":255,"g":255,"b":255,"a":1},{"r":255,"g":255,"b":255,"a":1},{"r":255,"g":255,"b":255,"a":1},{"r":255,"g":255,"b":255,"a":1},{"r":255,"g":255,"b":255,"a":1},{"r":255,"g":255,"b":255,"a":1},{"r":255,"g":255,"b":255,"a":1},{"r":255,"g":255,"b":255,"a":1},{"r":255,"g":255,"b":255,"a":1},{"r":255,"g":255,"b":255,"a":1},{"r":255,"g":255,"b":255,"a":1},{"r":255,"g":255,"b":255,"a":1},{"r":255,"g":255,"b":255,"a":1},{"r":255,"g":255,"b":255,"a":1},{"r":255,"g":255,"b":255,"a":1},{"r":255,"g":255,"b":255,"a":1},{"r":255,"g":255,"b":255,"a":1},{"r":255,"g":255,"b":255,"a":1},{"r":255,"g":255,"b":255,"a":1},{"r":255,"g":255,"b":255,"a":1},{"r":255,"g":255,"b":255,"a":1},{"r":255,"g":255,"b":255,"a":1},{"r":255,"g":255,"b":255,"a":1},{"r":255,"g":255,"b":255,"a":1},{"r":255,"g":255,"b":255,"a":1},{"r":255,"g":255,"b":255,"a":1},{"r":255,"g":255,"b":255,"a":1},{"r":255,"g":255,"b":255,"a":1},{"r":255,"g":255,"b":255,"a":1},{"r":255,"g":255,"b":255,"a":1},{"r":255,"g":255,"b":255,"a":1},{"r":255,"g":255,"b":255,"a":1},{"r":255,"g":255,"b":255,"a":1},{"r":255,"g":255,"b":255,"a":1},{"r":255,"g":255,"b":255,"a":1},{"r":255,"g":255,"b":255,"a":1},{"r":255,"g":255,"b":255,"a":1},{"r":255,"g":255,"b":255,"a":1},{"r":255,"g":255,"b":255,"a":1},{"r":255,"g":255,"b":255,"a":1},{"r":255,"g":255,"b":255,"a":1},{"r":255,"g":255,"b":255,"a":1},{"r":255,"g":255,"b":255,"a":1},{"r":255,"g":255,"b":255,"a":1},{"r":255,"g":255,"b":255,"a":1},{"r":255,"g":255,"b":255,"a":1},{"r":255,"g":255,"b":255,"a":1},{"r":255,"g":255,"b":255,"a":1},{"r":255,"g":255,"b":255,"a":1},{"r":255,"g":255,"b":255,"a":1},{"r":255,"g":255,"b":255,"a":1},{"r":255,"g":255,"b":255,"a":1},{"r":255,"g":255,"b":255,"a":1},{"r":255,"g":255,"b":255,"a":1},{"r":255,"g":255,"b":255,"a":1},{"r":255,"g":255,"b":255,"a":1},{"r":255,"g":255,"b":255,"a":1},{"r":255,"g":255,"b":255,"a":1},{"r":255,"g":255,"b":255,"a":1},{"r":255,"g":255,"b":255,"a":1},{"r":255,"g":255,"b":255,"a":1},{"r":255,"g":255,"b":255,"a":1},{"r":255,"g":255,"b":255,"a":1},{"r":255,"g":255,"b":255,"a":1},{"r":255,"g":255,"b":255,"a":1},{"r":255,"g":255,"b":255,"a":1},{"r":255,"g":255,"b":255,"a":1},{"r":255,"g":255,"b":255,"a":1},{"r":255,"g":255,"b":255,"a":1},{"r":255,"g":255,"b":255,"a":1},{"r":255,"g":255,"b":255,"a":1},{"r":255,"g":255,"b":255,"a":1},{"r":255,"g":255,"b":255,"a":1},{"r":255,"g":255,"b":255,"a":1},{"r":255,"g":255,"b":255,"a":1},{"r":255,"g":255,"b":255,"a":1},{"r":255,"g":255,"b":255,"a":1},{"r":255,"g":255,"b":255,"a":1},{"r":255,"g":255,"b":255,"a":1},{"r":255,"g":255,"b":255,"a":1},{"r":255,"g":255,"b":255,"a":1},{"r":255,"g":255,"b":255,"a":1},{"r":255,"g":255,"b":255,"a":1},{"r":255,"g":255,"b":255,"a":1},{"r":255,"g":255,"b":255,"a":1},{"r":255,"g":255,"b":255,"a":1},{"r":255,"g":255,"b":255,"a":1},{"r":255,"g":255,"b":255,"a":1},{"r":255,"g":255,"b":255,"a":1},{"r":255,"g":255,"b":255,"a":1},{"r":255,"g":255,"b":255,"a":1},{"r":255,"g":255,"b":255,"a":1},{"r":255,"g":255,"b":255,"a":1},{"r":255,"g":255,"b":255,"a":1},{"r":255,"g":255,"b":255,"a":1},{"r":255,"g":255,"b":255,"a":1},{"r":255,"g":255,"b":255,"a":1},{"r":255,"g":255,"b":255,"a":1},{"r":255,"g":255,"b":255,"a":1},{"r":255,"g":255,"b":255,"a":1},{"r":255,"g":255,"b":255,"a":1},{"r":255,"g":255,"b":255,"a":1},{"r":255,"g":255,"b":255,"a":1},{"r":255,"g":255,"b":255,"a":1},{"r":255,"g":255,"b":255,"a":1},{"r":255,"g":255,"b":255,"a":1},{"r":255,"g":255,"b":255,"a":1},{"r":255,"g":255,"b":255,"a":1},{"r":255,"g":255,"b":255,"a":1},{"r":255,"g":255,"b":255,"a":1},{"r":255,"g":255,"b":255,"a":1},{"r":255,"g":255,"b":255,"a":1},{"r":255,"g":255,"b":255,"a":1},{"r":255,"g":255,"b":255,"a":1},{"r":255,"g":255,"b":255,"a":1},{"r":255,"g":255,"b":255,"a":1},{"r":255,"g":255,"b":255,"a":1},{"r":255,"g":255,"b":255,"a":1},{"r":255,"g":255,"b":255,"a":1},{"r":255,"g":255,"b":255,"a":1},{"r":255,"g":255,"b":255,"a":1},{"r":255,"g":255,"b":255,"a":1},{"r":255,"g":255,"b":255,"a":1},{"r":255,"g":255,"b":255,"a":1},{"r":255,"g":255,"b":255,"a":1},{"r":255,"g":255,"b":255,"a":1},{"r":255,"g":255,"b":255,"a":1},{"r":255,"g":255,"b":255,"a":1},{"r":255,"g":255,"b":255,"a":1},{"r":255,"g":255,"b":255,"a":1},{"r":255,"g":255,"b":255,"a":1},{"r":255,"g":255,"b":255,"a":1},{"r":255,"g":255,"b":255,"a":1},{"r":255,"g":255,"b":255,"a":1},{"r":255,"g":255,"b":255,"a":1},{"r":255,"g":255,"b":255,"a":1},{"r":255,"g":255,"b":255,"a":1},{"r":255,"g":255,"b":255,"a":1},{"r":255,"g":255,"b":255,"a":1},{"r":255,"g":255,"b":255,"a":1},{"r":255,"g":255,"b":255,"a":1},{"r":255,"g":255,"b":255,"a":1},{"r":255,"g":255,"b":255,"a":1},{"r":255,"g":255,"b":255,"a":1},{"r":255,"g":255,"b":255,"a":1},{"r":255,"g":255,"b":255,"a":1},{"r":255,"g":255,"b":255,"a":1},{"r":255,"g":255,"b":255,"a":1},{"r":255,"g":255,"b":255,"a":1},{"r":255,"g":255,"b":255,"a":1},{"r":255,"g":255,"b":255,"a":1},{"r":255,"g":255,"b":255,"a":1},{"r":255,"g":255,"b":255,"a":1},{"r":255,"g":255,"b":255,"a":1},{"r":255,"g":255,"b":255,"a":1},{"r":255,"g":255,"b":255,"a":1},{"r":255,"g":255,"b":255,"a":1},{"r":255,"g":255,"b":255,"a":1},{"r":255,"g":255,"b":255,"a":1},{"r":255,"g":255,"b":255,"a":1},{"r":255,"g":255,"b":255,"a":1},{"r":255,"g":255,"b":255,"a":1},{"r":255,"g":255,"b":255,"a":1},{"r":255,"g":255,"b":255,"a":1},{"r":255,"g":255,"b":255,"a":1},{"r":255,"g":255,"b":255,"a":1},{"r":255,"g":255,"b":255,"a":1},{"r":255,"g":255,"b":255,"a":1},{"r":255,"g":255,"b":255,"a":1},{"r":255,"g":255,"b":255,"a":1},{"r":255,"g":255,"b":255,"a":1},{"r":255,"g":255,"b":255,"a":1},{"r":255,"g":255,"b":255,"a":1},{"r":255,"g":255,"b":255,"a":1},{"r":255,"g":255,"b":255,"a":1},{"r":255,"g":255,"b":255,"a":1},{"r":255,"g":255,"b":255,"a":1},{"r":255,"g":255,"b":255,"a":1},{"r":255,"g":255,"b":255,"a":1},{"r":255,"g":255,"b":255,"a":1},{"r":255,"g":255,"b":255,"a":1},{"r":255,"g":255,"b":255,"a":1},{"r":255,"g":255,"b":255,"a":1},{"r":255,"g":255,"b":255,"a":1},{"r":255,"g":255,"b":255,"a":1},{"r":255,"g":255,"b":255,"a":1},{"r":255,"g":255,"b":255,"a":1},{"r":255,"g":255,"b":255,"a":1},{"r":255,"g":255,"b":255,"a":1},{"r":255,"g":255,"b":255,"a":1},{"r":255,"g":255,"b":255,"a":1},{"r":255,"g":255,"b":255,"a":1},{"r":255,"g":255,"b":255,"a":1},{"r":255,"g":255,"b":255,"a":1},{"r":255,"g":255,"b":255,"a":1},{"r":255,"g":255,"b":255,"a":1},{"r":255,"g":255,"b":255,"a":1},{"r":255,"g":255,"b":255,"a":1},{"r":255,"g":255,"b":255,"a":1},{"r":255,"g":255,"b":255,"a":1},{"r":255,"g":255,"b":255,"a":1},{"r":255,"g":255,"b":255,"a":1},{"r":255,"g":255,"b":255,"a":1},{"r":255,"g":255,"b":255,"a":1},{"r":255,"g":255,"b":255,"a":1},{"r":255,"g":255,"b":255,"a":1},{"r":255,"g":255,"b":255,"a":1},{"r":255,"g":255,"b":255,"a":1},{"r":255,"g":255,"b":255,"a":1},{"r":255,"g":255,"b":255,"a":1},{"r":255,"g":255,"b":255,"a":1},{"r":255,"g":255,"b":255,"a":1},{"r":255,"g":255,"b":255,"a":1},{"r":255,"g":255,"b":255,"a":1},{"r":255,"g":255,"b":255,"a":1},{"r":255,"g":255,"b":255,"a":1},{"r":255,"g":255,"b":255,"a":1},{"r":255,"g":255,"b":255,"a":1},{"r":255,"g":255,"b":255,"a":1},{"r":255,"g":255,"b":255,"a":1},{"r":255,"g":255,"b":255,"a":1},{"r":255,"g":255,"b":255,"a":1},{"r":255,"g":255,"b":255,"a":1},{"r":255,"g":255,"b":255,"a":1},{"r":255,"g":255,"b":255,"a":1},{"r":255,"g":255,"b":255,"a":1},{"r":255,"g":255,"b":255,"a":1},{"r":255,"g":255,"b":255,"a":1},{"r":255,"g":255,"b":255,"a":1},{"r":255,"g":255,"b":255,"a":1},{"r":255,"g":255,"b":255,"a":1},{"r":255,"g":255,"b":255,"a":1},{"r":255,"g":255,"b":255,"a":1},{"r":255,"g":255,"b":255,"a":1},{"r":255,"g":255,"b":255,"a":1},{"r":255,"g":255,"b":255,"a":1},{"r":255,"g":255,"b":255,"a":1},{"r":255,"g":255,"b":255,"a":1},{"r":255,"g":255,"b":255,"a":1},{"r":255,"g":255,"b":255,"a":1},{"r":255,"g":255,"b":255,"a":1},{"r":255,"g":255,"b":255,"a":1},{"r":255,"g":255,"b":255,"a":1},{"r":255,"g":255,"b":255,"a":1},{"r":255,"g":255,"b":255,"a":1},{"r":255,"g":255,"b":255,"a":1},{"r":255,"g":255,"b":255,"a":1},{"r":255,"g":255,"b":255,"a":1},{"r":255,"g":255,"b":255,"a":1},{"r":255,"g":255,"b":255,"a":1},{"r":255,"g":255,"b":255,"a":1},{"r":255,"g":255,"b":255,"a":1},{"r":255,"g":255,"b":255,"a":1},{"r":255,"g":255,"b":255,"a":1},{"r":255,"g":255,"b":255,"a":1},{"r":255,"g":255,"b":255,"a":1},{"r":255,"g":255,"b":255,"a":1},{"r":255,"g":255,"b":255,"a":1},{"r":255,"g":255,"b":255,"a":1},{"r":255,"g":255,"b":255,"a":1},{"r":255,"g":255,"b":255,"a":1},{"r":255,"g":255,"b":255,"a":1},{"r":255,"g":255,"b":255,"a":1},{"r":255,"g":255,"b":255,"a":1},{"r":255,"g":255,"b":255,"a":1},{"r":255,"g":255,"b":255,"a":1},{"r":255,"g":255,"b":255,"a":1},{"r":255,"g":255,"b":255,"a":1},{"r":255,"g":255,"b":255,"a":1},{"r":255,"g":255,"b":255,"a":1},{"r":255,"g":255,"b":255,"a":1},{"r":255,"g":255,"b":255,"a":1},{"r":255,"g":255,"b":255,"a":1},{"r":255,"g":255,"b":255,"a":1},{"r":255,"g":255,"b":255,"a":1},{"r":255,"g":255,"b":255,"a":1},{"r":255,"g":255,"b":255,"a":1},{"r":255,"g":255,"b":255,"a":1},{"r":255,"g":255,"b":255,"a":1},{"r":255,"g":255,"b":255,"a":1},{"r":255,"g":255,"b":255,"a":1},{"r":255,"g":255,"b":255,"a":1},{"r":255,"g":255,"b":255,"a":1},{"r":255,"g":255,"b":255,"a":1},{"r":255,"g":255,"b":255,"a":1},{"r":255,"g":255,"b":255,"a":1},{"r":255,"g":255,"b":255,"a":1},{"r":255,"g":255,"b":255,"a":1},{"r":255,"g":255,"b":255,"a":1},{"r":255,"g":255,"b":255,"a":1},{"r":255,"g":255,"b":255,"a":1},{"r":255,"g":255,"b":255,"a":1},{"r":255,"g":255,"b":255,"a":1},{"r":255,"g":255,"b":255,"a":1},{"r":255,"g":255,"b":255,"a":1},{"r":255,"g":255,"b":255,"a":1},{"r":255,"g":255,"b":255,"a":1},{"r":255,"g":255,"b":255,"a":1},{"r":255,"g":255,"b":255,"a":1},{"r":255,"g":255,"b":255,"a":1},{"r":255,"g":255,"b":255,"a":1},{"r":255,"g":255,"b":255,"a":1},{"r":255,"g":255,"b":255,"a":1},{"r":255,"g":255,"b":255,"a":1},{"r":255,"g":255,"b":255,"a":1},{"r":255,"g":255,"b":255,"a":1},{"r":255,"g":255,"b":255,"a":1},{"r":255,"g":255,"b":255,"a":1},{"r":255,"g":255,"b":255,"a":1},{"r":255,"g":255,"b":255,"a":1},{"r":255,"g":255,"b":255,"a":1},{"r":255,"g":255,"b":255,"a":1},{"r":255,"g":255,"b":255,"a":1},{"r":255,"g":255,"b":255,"a":1},{"r":255,"g":255,"b":255,"a":1},{"r":255,"g":255,"b":255,"a":1},{"r":255,"g":255,"b":255,"a":1},{"r":255,"g":255,"b":255,"a":1},{"r":255,"g":255,"b":255,"a":1},{"r":255,"g":255,"b":255,"a":1},{"r":255,"g":255,"b":255,"a":1},{"r":255,"g":255,"b":255,"a":1},{"r":255,"g":255,"b":255,"a":1},{"r":255,"g":255,"b":255,"a":1},{"r":255,"g":255,"b":255,"a":1},{"r":255,"g":255,"b":255,"a":1},{"r":255,"g":255,"b":255,"a":1},{"r":255,"g":255,"b":255,"a":1},{"r":255,"g":255,"b":255,"a":1},{"r":255,"g":255,"b":255,"a":1},{"r":255,"g":255,"b":255,"a":1},{"r":255,"g":255,"b":255,"a":1},{"r":255,"g":255,"b":255,"a":1},{"r":255,"g":255,"b":255,"a":1},{"r":255,"g":255,"b":255,"a":1},{"r":255,"g":255,"b":255,"a":1},{"r":255,"g":255,"b":255,"a":1},{"r":255,"g":255,"b":255,"a":1},{"r":255,"g":255,"b":255,"a":1},{"r":255,"g":255,"b":255,"a":1},{"r":255,"g":255,"b":255,"a":1},{"r":255,"g":255,"b":255,"a":1},{"r":255,"g":255,"b":255,"a":1},{"r":255,"g":255,"b":255,"a":1},{"r":255,"g":255,"b":255,"a":1},{"r":255,"g":255,"b":255,"a":1},{"r":255,"g":255,"b":255,"a":1},{"r":255,"g":255,"b":255,"a":1},{"r":255,"g":255,"b":255,"a":1},{"r":255,"g":255,"b":255,"a":1},{"r":255,"g":255,"b":255,"a":1},{"r":255,"g":255,"b":255,"a":1},{"r":255,"g":255,"b":255,"a":1},{"r":255,"g":255,"b":255,"a":1},{"r":255,"g":255,"b":255,"a":1},{"r":255,"g":255,"b":255,"a":1},{"r":255,"g":255,"b":255,"a":1},{"r":255,"g":255,"b":255,"a":1},{"r":255,"g":255,"b":255,"a":1},{"r":255,"g":255,"b":255,"a":1},{"r":255,"g":255,"b":255,"a":1},{"r":255,"g":255,"b":255,"a":1},{"r":255,"g":255,"b":255,"a":1},{"r":255,"g":255,"b":255,"a":1},{"r":255,"g":255,"b":255,"a":1},{"r":255,"g":255,"b":255,"a":1},{"r":255,"g":255,"b":255,"a":1},{"r":255,"g":255,"b":255,"a":1},{"r":255,"g":255,"b":255,"a":1},{"r":255,"g":255,"b":255,"a":1},{"r":255,"g":255,"b":255,"a":1},{"r":255,"g":255,"b":255,"a":1},{"r":255,"g":255,"b":255,"a":1},{"r":255,"g":255,"b":255,"a":1},{"r":255,"g":255,"b":255,"a":1},{"r":255,"g":255,"b":255,"a":1},{"r":255,"g":255,"b":255,"a":1},{"r":255,"g":255,"b":255,"a":1},{"r":255,"g":255,"b":255,"a":1},{"r":255,"g":255,"b":255,"a":1},{"r":255,"g":255,"b":255,"a":1},{"r":255,"g":255,"b":255,"a":1},{"r":255,"g":255,"b":255,"a":1},{"r":255,"g":255,"b":255,"a":1},{"r":255,"g":255,"b":255,"a":1}],"lights":[]}