{"header":{"lastUser":"Arx Level Generator - version unknown","time":1680127146,"posEdit":{"x":0,"y":-180,"z":0},"angleEdit":{"a":0,"b":-90,"g":0},"numberOfBackgroundPolygons":29468},"scene":{"levelIdx":1},"fogs":[],"paths":[],"zones":[{"name":"ambient_blackthing","height":100,"ambience":"ambient_blackthing","ambienceMaxVolume":100,"points":[{"pos":{"x":180,"y":-40.43623352050781,"z":-550},"type":0,"time":0},{"pos":{"x":100,"y":-40.43623352050781,"z":-550},"type":0,"time":0},{"pos":{"x":100,"y":-40.43623352050781,"z":-630},"type":0,"time":0},{"pos":{"x":180,"y":-40.43623352050781,"z":-630},"type":0,"time":0}]},{"name":"ambient_bunker_akbaa","height":100,"ambience":"ambient_bunker_akbaa","ambienceMaxVolume":100,"points":[{"pos":{"x":180,"y":-47.19949722290039,"z":-250},"type":0,"time":0},{"pos":{"x":100,"y":-47.19949722290039,"z":-250},"type":0,"time":0},{"pos":{"x":100,"y":-47.19949722290039,"z":-330},"type":0,"time":0},{"pos":{"x":180,"y":-47.19949722290039,"z":-330},"type":0,"time":0}]},{"name":"ambient_bunker","height":100,"ambience":"ambient_bunker","ambienceMaxVolume":100,"points":[{"pos":{"x":180,"y":-41.382110595703125,"z":50},"type":0,"time":0},{"pos":{"x":100,"y":-41.382110595703125,"z":50},"type":0,"time":0},{"pos":{"x":100,"y":-41.382110595703125,"z":-30},"type":0,"time":0},{"pos":{"x":180,"y":-41.382110595703125,"z":-30},"type":0,"time":0}]},{"name":"ambient_castle","height":100,"ambience":"ambient_castle","ambienceMaxVolume":100,"points":[{"pos":{"x":180,"y":-49.66785430908203,"z":350},"type":0,"time":0},{"pos":{"x":100,"y":-49.66785430908203,"z":350},"type":0,"time":0},{"pos":{"x":100,"y":-49.66785430908203,"z":270},"type":0,"time":0},{"pos":{"x":180,"y":-49.66785430908203,"z":270},"type":0,"time":0}]},{"name":"ambient_cave_a","height":100,"ambience":"ambient_cave_a","ambienceMaxVolume":100,"points":[{"pos":{"x":180,"y":-43.3147087097168,"z":650},"type":0,"time":0},{"pos":{"x":100,"y":-43.3147087097168,"z":650},"type":0,"time":0},{"pos":{"x":100,"y":-43.3147087097168,"z":570},"type":0,"time":0},{"pos":{"x":180,"y":-43.3147087097168,"z":570},"type":0,"time":0}]},{"name":"ambient_cave_b","height":100,"ambience":"ambient_cave_b","ambienceMaxVolume":100,"points":[{"pos":{"x":480,"y":-40.615966796875,"z":-550},"type":0,"time":0},{"pos":{"x":400,"y":-40.615966796875,"z":-550},"type":0,"time":0},{"pos":{"x":400,"y":-40.615966796875,"z":-630},"type":0,"time":0},{"pos":{"x":480,"y":-40.615966796875,"z":-630},"type":0,"time":0}]},{"name":"ambient_cave_frozen","height":100,"ambience":"ambient_cave_frozen","ambienceMaxVolume":100,"points":[{"pos":{"x":480,"y":-45.27320861816406,"z":-250},"type":0,"time":0},{"pos":{"x":400,"y":-45.27320861816406,"z":-250},"type":0,"time":0},{"pos":{"x":400,"y":-45.27320861816406,"z":-330},"type":0,"time":0},{"pos":{"x":480,"y":-45.27320861816406,"z":-330},"type":0,"time":0}]},{"name":"ambient_cave_greu","height":100,"ambience":"ambient_cave_greu","ambienceMaxVolume":100,"points":[{"pos":{"x":480,"y":-36.178985595703125,"z":50},"type":0,"time":0},{"pos":{"x":400,"y":-36.178985595703125,"z":50},"type":0,"time":0},{"pos":{"x":400,"y":-36.178985595703125,"z":-30},"type":0,"time":0},{"pos":{"x":480,"y":-36.178985595703125,"z":-30},"type":0,"time":0}]},{"name":"ambient_cave_lava","height":100,"ambience":"ambient_cave_lava","ambienceMaxVolume":100,"points":[{"pos":{"x":480,"y":-53.465660095214844,"z":350},"type":0,"time":0},{"pos":{"x":400,"y":-53.465660095214844,"z":350},"type":0,"time":0},{"pos":{"x":400,"y":-53.465660095214844,"z":270},"type":0,"time":0},{"pos":{"x":480,"y":-53.465660095214844,"z":270},"type":0,"time":0}]},{"name":"ambient_cave_worm","height":100,"ambience":"ambient_cave_worm","ambienceMaxVolume":100,"points":[{"pos":{"x":480,"y":-50.471561431884766,"z":650},"type":0,"time":0},{"pos":{"x":400,"y":-50.471561431884766,"z":650},"type":0,"time":0},{"pos":{"x":400,"y":-50.471561431884766,"z":570},"type":0,"time":0},{"pos":{"x":480,"y":-50.471561431884766,"z":570},"type":0,"time":0}]},{"name":"ambient_credits","height":100,"ambience":"ambient_credits","ambienceMaxVolume":100,"points":[{"pos":{"x":780,"y":-41.741641998291016,"z":-550},"type":0,"time":0},{"pos":{"x":700,"y":-41.741641998291016,"z":-550},"type":0,"time":0},{"pos":{"x":700,"y":-41.741641998291016,"z":-630},"type":0,"time":0},{"pos":{"x":780,"y":-41.741641998291016,"z":-630},"type":0,"time":0}]},{"name":"ambient_crypt_a","height":100,"ambience":"ambient_crypt_a","ambienceMaxVolume":100,"points":[{"pos":{"x":780,"y":-47.36598205566406,"z":-250},"type":0,"time":0},{"pos":{"x":700,"y":-47.36598205566406,"z":-250},"type":0,"time":0},{"pos":{"x":700,"y":-47.36598205566406,"z":-330},"type":0,"time":0},{"pos":{"x":780,"y":-47.36598205566406,"z":-330},"type":0,"time":0}]},{"name":"ambient_crypt_b","height":100,"ambience":"ambient_crypt_b","ambienceMaxVolume":100,"points":[{"pos":{"x":780,"y":-37.48506546020508,"z":50},"type":0,"time":0},{"pos":{"x":700,"y":-37.48506546020508,"z":50},"type":0,"time":0},{"pos":{"x":700,"y":-37.48506546020508,"z":-30},"type":0,"time":0},{"pos":{"x":780,"y":-37.48506546020508,"z":-30},"type":0,"time":0}]},{"name":"ambient_crypt_c","height":100,"ambience":"ambient_crypt_c","ambienceMaxVolume":100,"points":[{"pos":{"x":780,"y":-49.633811950683594,"z":350},"type":0,"time":0},{"pos":{"x":700,"y":-49.633811950683594,"z":350},"type":0,"time":0},{"pos":{"x":700,"y":-49.633811950683594,"z":270},"type":0,"time":0},{"pos":{"x":780,"y":-49.633811950683594,"z":270},"type":0,"time":0}]},{"name":"ambient_crypt_d","height":100,"ambience":"ambient_crypt_d","ambienceMaxVolume":100,"points":[{"pos":{"x":780,"y":-43.51738739013672,"z":650},"type":0,"time":0},{"pos":{"x":700,"y":-43.51738739013672,"z":650},"type":0,"time":0},{"pos":{"x":700,"y":-43.51738739013672,"z":570},"type":0,"time":0},{"pos":{"x":780,"y":-43.51738739013672,"z":570},"type":0,"time":0}]},{"name":"ambient_crypt_e","height":100,"ambience":"ambient_crypt_e","ambienceMaxVolume":100,"points":[{"pos":{"x":1080,"y":-35.67928695678711,"z":-550},"type":0,"time":0},{"pos":{"x":1000,"y":-35.67928695678711,"z":-550},"type":0,"time":0},{"pos":{"x":1000,"y":-35.67928695678711,"z":-630},"type":0,"time":0},{"pos":{"x":1080,"y":-35.67928695678711,"z":-630},"type":0,"time":0}]},{"name":"ambient_crypt_f","height":100,"ambience":"ambient_crypt_f","ambienceMaxVolume":100,"points":[{"pos":{"x":1080,"y":-53.15420150756836,"z":-250},"type":0,"time":0},{"pos":{"x":1000,"y":-53.15420150756836,"z":-250},"type":0,"time":0},{"pos":{"x":1000,"y":-53.15420150756836,"z":-330},"type":0,"time":0},{"pos":{"x":1080,"y":-53.15420150756836,"z":-330},"type":0,"time":0}]},{"name":"ambient_crypt_lich","height":100,"ambience":"ambient_crypt_lich","ambienceMaxVolume":100,"points":[{"pos":{"x":1080,"y":-40.954410552978516,"z":50},"type":0,"time":0},{"pos":{"x":1000,"y":-40.954410552978516,"z":50},"type":0,"time":0},{"pos":{"x":1000,"y":-40.954410552978516,"z":-30},"type":0,"time":0},{"pos":{"x":1080,"y":-40.954410552978516,"z":-30},"type":0,"time":0}]},{"name":"ambient_dramatic","height":100,"ambience":"ambient_dramatic","ambienceMaxVolume":100,"points":[{"pos":{"x":1080,"y":-37.1159782409668,"z":350},"type":0,"time":0},{"pos":{"x":1000,"y":-37.1159782409668,"z":350},"type":0,"time":0},{"pos":{"x":1000,"y":-37.1159782409668,"z":270},"type":0,"time":0},{"pos":{"x":1080,"y":-37.1159782409668,"z":270},"type":0,"time":0}]},{"name":"ambient_dwarf","height":100,"ambience":"ambient_dwarf","ambienceMaxVolume":100,"points":[{"pos":{"x":1080,"y":-45.40336608886719,"z":650},"type":0,"time":0},{"pos":{"x":1000,"y":-45.40336608886719,"z":650},"type":0,"time":0},{"pos":{"x":1000,"y":-45.40336608886719,"z":570},"type":0,"time":0},{"pos":{"x":1080,"y":-45.40336608886719,"z":570},"type":0,"time":0}]},{"name":"ambient_fight","height":100,"ambience":"ambient_fight","ambienceMaxVolume":100,"points":[{"pos":{"x":1380,"y":-48.7403678894043,"z":-550},"type":0,"time":0},{"pos":{"x":1300,"y":-48.7403678894043,"z":-550},"type":0,"time":0},{"pos":{"x":1300,"y":-48.7403678894043,"z":-630},"type":0,"time":0},{"pos":{"x":1380,"y":-48.7403678894043,"z":-630},"type":0,"time":0}]},{"name":"ambient_fight_music","height":100,"ambience":"ambient_fight_music","ambienceMaxVolume":100,"points":[{"pos":{"x":1380,"y":-47.356807708740234,"z":-250},"type":0,"time":0},{"pos":{"x":1300,"y":-47.356807708740234,"z":-250},"type":0,"time":0},{"pos":{"x":1300,"y":-47.356807708740234,"z":-330},"type":0,"time":0},{"pos":{"x":1380,"y":-47.356807708740234,"z":-330},"type":0,"time":0}]},{"name":"ambient_gob_castle","height":100,"ambience":"ambient_gob_castle","ambienceMaxVolume":100,"points":[{"pos":{"x":1380,"y":-54.254817962646484,"z":50},"type":0,"time":0},{"pos":{"x":1300,"y":-54.254817962646484,"z":50},"type":0,"time":0},{"pos":{"x":1300,"y":-54.254817962646484,"z":-30},"type":0,"time":0},{"pos":{"x":1380,"y":-54.254817962646484,"z":-30},"type":0,"time":0}]},{"name":"ambient_gob_intro","height":100,"ambience":"ambient_gob_intro","ambienceMaxVolume":100,"points":[{"pos":{"x":1380,"y":-43.84623718261719,"z":350},"type":0,"time":0},{"pos":{"x":1300,"y":-43.84623718261719,"z":350},"type":0,"time":0},{"pos":{"x":1300,"y":-43.84623718261719,"z":270},"type":0,"time":0},{"pos":{"x":1380,"y":-43.84623718261719,"z":270},"type":0,"time":0}]},{"name":"ambient_gob_jail_main","height":100,"ambience":"ambient_gob_jail_main","ambienceMaxVolume":100,"points":[{"pos":{"x":1380,"y":-44.723514556884766,"z":650},"type":0,"time":0},{"pos":{"x":1300,"y":-44.723514556884766,"z":650},"type":0,"time":0},{"pos":{"x":1300,"y":-44.723514556884766,"z":570},"type":0,"time":0},{"pos":{"x":1380,"y":-44.723514556884766,"z":570},"type":0,"time":0}]},{"name":"ambient_gob_jail_stress","height":100,"ambience":"ambient_gob_jail_stress","ambienceMaxVolume":100,"points":[{"pos":{"x":1680,"y":-41.168113708496094,"z":-550},"type":0,"time":0},{"pos":{"x":1600,"y":-41.168113708496094,"z":-550},"type":0,"time":0},{"pos":{"x":1600,"y":-41.168113708496094,"z":-630},"type":0,"time":0},{"pos":{"x":1680,"y":-41.168113708496094,"z":-630},"type":0,"time":0}]},{"name":"ambient_gob_ruin","height":100,"ambience":"ambient_gob_ruin","ambienceMaxVolume":100,"points":[{"pos":{"x":1680,"y":-38.46968460083008,"z":-250},"type":0,"time":0},{"pos":{"x":1600,"y":-38.46968460083008,"z":-250},"type":0,"time":0},{"pos":{"x":1600,"y":-38.46968460083008,"z":-330},"type":0,"time":0},{"pos":{"x":1680,"y":-38.46968460083008,"z":-330},"type":0,"time":0}]},{"name":"Ambient_important_place","height":100,"ambience":"Ambient_important_place","ambienceMaxVolume":100,"points":[{"pos":{"x":1680,"y":-42.64203643798828,"z":50},"type":0,"time":0},{"pos":{"x":1600,"y":-42.64203643798828,"z":50},"type":0,"time":0},{"pos":{"x":1600,"y":-42.64203643798828,"z":-30},"type":0,"time":0},{"pos":{"x":1680,"y":-42.64203643798828,"z":-30},"type":0,"time":0}]},{"name":"ambient_intro_a","height":100,"ambience":"ambient_intro_a","ambienceMaxVolume":100,"points":[{"pos":{"x":1680,"y":-51.639739990234375,"z":350},"type":0,"time":0},{"pos":{"x":1600,"y":-51.639739990234375,"z":350},"type":0,"time":0},{"pos":{"x":1600,"y":-51.639739990234375,"z":270},"type":0,"time":0},{"pos":{"x":1680,"y":-51.639739990234375,"z":270},"type":0,"time":0}]},{"name":"ambient_intro","height":100,"ambience":"ambient_intro","ambienceMaxVolume":100,"points":[{"pos":{"x":1680,"y":-48.6915283203125,"z":650},"type":0,"time":0},{"pos":{"x":1600,"y":-48.6915283203125,"z":650},"type":0,"time":0},{"pos":{"x":1600,"y":-48.6915283203125,"z":570},"type":0,"time":0},{"pos":{"x":1680,"y":-48.6915283203125,"z":570},"type":0,"time":0}]},{"name":"ambient_intro_b","height":100,"ambience":"ambient_intro_b","ambienceMaxVolume":100,"points":[{"pos":{"x":1980,"y":-50.73051452636719,"z":-550},"type":0,"time":0},{"pos":{"x":1900,"y":-50.73051452636719,"z":-550},"type":0,"time":0},{"pos":{"x":1900,"y":-50.73051452636719,"z":-630},"type":0,"time":0},{"pos":{"x":1980,"y":-50.73051452636719,"z":-630},"type":0,"time":0}]},{"name":"ambient_menu","height":100,"ambience":"ambient_menu","ambienceMaxVolume":100,"points":[{"pos":{"x":1980,"y":-47.36529541015625,"z":-250},"type":0,"time":0},{"pos":{"x":1900,"y":-47.36529541015625,"z":-250},"type":0,"time":0},{"pos":{"x":1900,"y":-47.36529541015625,"z":-330},"type":0,"time":0},{"pos":{"x":1980,"y":-47.36529541015625,"z":-330},"type":0,"time":0}]},{"name":"ambient_noden","height":100,"ambience":"ambient_noden","ambienceMaxVolume":100,"points":[{"pos":{"x":1980,"y":-35.35303497314453,"z":50},"type":0,"time":0},{"pos":{"x":1900,"y":-35.35303497314453,"z":50},"type":0,"time":0},{"pos":{"x":1900,"y":-35.35303497314453,"z":-30},"type":0,"time":0},{"pos":{"x":1980,"y":-35.35303497314453,"z":-30},"type":0,"time":0}]},{"name":"ambient_outpost","height":100,"ambience":"ambient_outpost","ambienceMaxVolume":100,"points":[{"pos":{"x":1980,"y":-49.73058319091797,"z":350},"type":0,"time":0},{"pos":{"x":1900,"y":-49.73058319091797,"z":350},"type":0,"time":0},{"pos":{"x":1900,"y":-49.73058319091797,"z":270},"type":0,"time":0},{"pos":{"x":1980,"y":-49.73058319091797,"z":270},"type":0,"time":0}]},{"name":"ambient_rebels_cool","height":100,"ambience":"ambient_rebels_cool","ambienceMaxVolume":100,"points":[{"pos":{"x":1980,"y":-50.655826568603516,"z":650},"type":0,"time":0},{"pos":{"x":1900,"y":-50.655826568603516,"z":650},"type":0,"time":0},{"pos":{"x":1900,"y":-50.655826568603516,"z":570},"type":0,"time":0},{"pos":{"x":1980,"y":-50.655826568603516,"z":570},"type":0,"time":0}]},{"name":"ambient_rebels_intense","height":100,"ambience":"ambient_rebels_intense","ambienceMaxVolume":100,"points":[{"pos":{"x":2280,"y":-44.609153747558594,"z":-550},"type":0,"time":0},{"pos":{"x":2200,"y":-44.609153747558594,"z":-550},"type":0,"time":0},{"pos":{"x":2200,"y":-44.609153747558594,"z":-630},"type":0,"time":0},{"pos":{"x":2280,"y":-44.609153747558594,"z":-630},"type":0,"time":0}]},{"name":"ambient_snake_castle","height":100,"ambience":"ambient_snake_castle","ambienceMaxVolume":100,"points":[{"pos":{"x":2280,"y":-46.1015625,"z":-250},"type":0,"time":0},{"pos":{"x":2200,"y":-46.1015625,"z":-250},"type":0,"time":0},{"pos":{"x":2200,"y":-46.1015625,"z":-330},"type":0,"time":0},{"pos":{"x":2280,"y":-46.1015625,"z":-330},"type":0,"time":0}]},{"name":"ambient_snake_illusion","height":100,"ambience":"ambient_snake_illusion","ambienceMaxVolume":100,"points":[{"pos":{"x":2280,"y":-35.44206237792969,"z":50},"type":0,"time":0},{"pos":{"x":2200,"y":-35.44206237792969,"z":50},"type":0,"time":0},{"pos":{"x":2200,"y":-35.44206237792969,"z":-30},"type":0,"time":0},{"pos":{"x":2280,"y":-35.44206237792969,"z":-30},"type":0,"time":0}]},{"name":"ambient_tavern","height":100,"ambience":"ambient_tavern","ambienceMaxVolume":100,"points":[{"pos":{"x":2280,"y":-39.42671585083008,"z":350},"type":0,"time":0},{"pos":{"x":2200,"y":-39.42671585083008,"z":350},"type":0,"time":0},{"pos":{"x":2200,"y":-39.42671585083008,"z":270},"type":0,"time":0},{"pos":{"x":2280,"y":-39.42671585083008,"z":270},"type":0,"time":0}]},{"name":"ambient_temple_akbaa","height":100,"ambience":"ambient_temple_akbaa","ambienceMaxVolume":100,"points":[{"pos":{"x":2280,"y":-43.128360748291016,"z":650},"type":0,"time":0},{"pos":{"x":2200,"y":-43.128360748291016,"z":650},"type":0,"time":0},{"pos":{"x":2200,"y":-43.128360748291016,"z":570},"type":0,"time":0},{"pos":{"x":2280,"y":-43.128360748291016,"z":570},"type":0,"time":0}]},{"name":"ambient_temple_akbaa_up","height":100,"ambience":"ambient_temple_akbaa_up","ambienceMaxVolume":100,"points":[{"pos":{"x":2580,"y":-37.23079299926758,"z":-550},"type":0,"time":0},{"pos":{"x":2500,"y":-37.23079299926758,"z":-550},"type":0,"time":0},{"pos":{"x":2500,"y":-37.23079299926758,"z":-630},"type":0,"time":0},{"pos":{"x":2580,"y":-37.23079299926758,"z":-630},"type":0,"time":0}]},{"name":"ambient_town","height":100,"ambience":"ambient_town","ambienceMaxVolume":100,"points":[{"pos":{"x":2580,"y":-46.37398910522461,"z":-250},"type":0,"time":0},{"pos":{"x":2500,"y":-46.37398910522461,"z":-250},"type":0,"time":0},{"pos":{"x":2500,"y":-46.37398910522461,"z":-330},"type":0,"time":0},{"pos":{"x":2580,"y":-46.37398910522461,"z":-330},"type":0,"time":0}]},{"name":"ambient_troll","height":100,"ambience":"ambient_troll","ambienceMaxVolume":100,"points":[{"pos":{"x":2580,"y":-38.06114959716797,"z":50},"type":0,"time":0},{"pos":{"x":2500,"y":-38.06114959716797,"z":50},"type":0,"time":0},{"pos":{"x":2500,"y":-38.06114959716797,"z":-30},"type":0,"time":0},{"pos":{"x":2580,"y":-38.06114959716797,"z":-30},"type":0,"time":0}]},{"name":"reverb_test","height":100,"ambience":"reverb_test","ambienceMaxVolume":100,"points":[{"pos":{"x":2580,"y":-47.507728576660156,"z":350},"type":0,"time":0},{"pos":{"x":2500,"y":-47.507728576660156,"z":350},"type":0,"time":0},{"pos":{"x":2500,"y":-47.507728576660156,"z":270},"type":0,"time":0},{"pos":{"x":2580,"y":-47.507728576660156,"z":270},"type":0,"time":0}]},{"name":"stress","height":100,"ambience":"stress","ambienceMaxVolume":100,"points":[{"pos":{"x":2580,"y":-45.74370574951172,"z":650},"type":0,"time":0},{"pos":{"x":2500,"y":-45.74370574951172,"z":650},"type":0,"time":0},{"pos":{"x":2500,"y":-45.74370574951172,"z":570},"type":0,"time":0},{"pos":{"x":2580,"y":-45.74370574951172,"z":570},"type":0,"time":0}]},{"name":"none","backgroundColor":{"r":68,"g":68,"b":68,"a":1},"height":10,"ambience":"none","ambienceMaxVolume":100,"points":[{"pos":{"x":2900,"y":-20,"z":850},"type":0,"time":0},{"pos":{"x":-200,"y":-20,"z":850},"type":0,"time":0},{"pos":{"x":-200,"y":-20,"z":-850},"type":0,"time":0},{"pos":{"x":2900,"y":-20,"z":-850},"type":0,"time":0}]}],"interactiveObjects":[{"identifier":1,"name":"system/marker","pos":{"x":0,"y":0,"z":0},"angle":{"a":0,"b":0,"g":0}},{"identifier":2,"name":"system/marker","pos":{"x":150,"y":10,"z":-600},"angle":{"a":0,"b":0,"g":0}},{"identifier":3,"name":"system/marker","pos":{"x":150,"y":10,"z":-300},"angle":{"a":0,"b":0,"g":0}},{"identifier":4,"name":"system/marker","pos":{"x":150,"y":10,"z":0},"angle":{"a":0,"b":0,"g":0}},{"identifier":5,"name":"system/marker","pos":{"x":150,"y":10,"z":300},"angle":{"a":0,"b":0,"g":0}},{"identifier":6,"name":"system/marker","pos":{"x":150,"y":10,"z":600},"angle":{"a":0,"b":0,"g":0}},{"identifier":7,"name":"system/marker","pos":{"x":450,"y":10,"z":-600},"angle":{"a":0,"b":0,"g":0}},{"identifier":8,"name":"system/marker","pos":{"x":450,"y":10,"z":-300},"angle":{"a":0,"b":0,"g":0}},{"identifier":9,"name":"system/marker","pos":{"x":450,"y":10,"z":0},"angle":{"a":0,"b":0,"g":0}},{"identifier":10,"name":"system/marker","pos":{"x":450,"y":10,"z":300},"angle":{"a":0,"b":0,"g":0}},{"identifier":11,"name":"system/marker","pos":{"x":450,"y":10,"z":600},"angle":{"a":0,"b":0,"g":0}},{"identifier":12,"name":"system/marker","pos":{"x":750,"y":10,"z":-600},"angle":{"a":0,"b":0,"g":0}},{"identifier":13,"name":"system/marker","pos":{"x":750,"y":10,"z":-300},"angle":{"a":0,"b":0,"g":0}},{"identifier":14,"name":"system/marker","pos":{"x":750,"y":10,"z":0},"angle":{"a":0,"b":0,"g":0}},{"identifier":15,"name":"system/marker","pos":{"x":750,"y":10,"z":300},"angle":{"a":0,"b":0,"g":0}},{"identifier":16,"name":"system/marker","pos":{"x":750,"y":10,"z":600},"angle":{"a":0,"b":0,"g":0}},{"identifier":17,"name":"system/marker","pos":{"x":1050,"y":10,"z":-600},"angle":{"a":0,"b":0,"g":0}},{"identifier":18,"name":"system/marker","pos":{"x":1050,"y":10,"z":-300},"angle":{"a":0,"b":0,"g":0}},{"identifier":19,"name":"system/marker","pos":{"x":1050,"y":10,"z":0},"angle":{"a":0,"b":0,"g":0}},{"identifier":20,"name":"system/marker","pos":{"x":1050,"y":10,"z":300},"angle":{"a":0,"b":0,"g":0}},{"identifier":21,"name":"system/marker","pos":{"x":1050,"y":10,"z":600},"angle":{"a":0,"b":0,"g":0}},{"identifier":22,"name":"system/marker","pos":{"x":1350,"y":10,"z":-600},"angle":{"a":0,"b":0,"g":0}},{"identifier":23,"name":"system/marker","pos":{"x":1350,"y":10,"z":-300},"angle":{"a":0,"b":0,"g":0}},{"identifier":24,"name":"system/marker","pos":{"x":1350,"y":10,"z":0},"angle":{"a":0,"b":0,"g":0}},{"identifier":25,"name":"system/marker","pos":{"x":1350,"y":10,"z":300},"angle":{"a":0,"b":0,"g":0}},{"identifier":26,"name":"system/marker","pos":{"x":1350,"y":10,"z":600},"angle":{"a":0,"b":0,"g":0}},{"identifier":27,"name":"system/marker","pos":{"x":1650,"y":10,"z":-600},"angle":{"a":0,"b":0,"g":0}},{"identifier":28,"name":"system/marker","pos":{"x":1650,"y":10,"z":-300},"angle":{"a":0,"b":0,"g":0}},{"identifier":29,"name":"system/marker","pos":{"x":1650,"y":10,"z":0},"angle":{"a":0,"b":0,"g":0}},{"identifier":30,"name":"system/marker","pos":{"x":1650,"y":10,"z":300},"angle":{"a":0,"b":0,"g":0}},{"identifier":31,"name":"system/marker","pos":{"x":1650,"y":10,"z":600},"angle":{"a":0,"b":0,"g":0}},{"identifier":32,"name":"system/marker","pos":{"x":1950,"y":10,"z":-600},"angle":{"a":0,"b":0,"g":0}},{"identifier":33,"name":"system/marker","pos":{"x":1950,"y":10,"z":-300},"angle":{"a":0,"b":0,"g":0}},{"identifier":34,"name":"system/marker","pos":{"x":1950,"y":10,"z":0},"angle":{"a":0,"b":0,"g":0}},{"identifier":35,"name":"system/marker","pos":{"x":1950,"y":10,"z":300},"angle":{"a":0,"b":0,"g":0}},{"identifier":36,"name":"system/marker","pos":{"x":1950,"y":10,"z":600},"angle":{"a":0,"b":0,"g":0}},{"identifier":37,"name":"system/marker","pos":{"x":2250,"y":10,"z":-600},"angle":{"a":0,"b":0,"g":0}},{"identifier":38,"name":"system/marker","pos":{"x":2250,"y":10,"z":-300},"angle":{"a":0,"b":0,"g":0}},{"identifier":39,"name":"system/marker","pos":{"x":2250,"y":10,"z":0},"angle":{"a":0,"b":0,"g":0}},{"identifier":40,"name":"system/marker","pos":{"x":2250,"y":10,"z":300},"angle":{"a":0,"b":0,"g":0}},{"identifier":41,"name":"system/marker","pos":{"x":2250,"y":10,"z":600},"angle":{"a":0,"b":0,"g":0}},{"identifier":42,"name":"system/marker","pos":{"x":2550,"y":10,"z":-600},"angle":{"a":0,"b":0,"g":0}},{"identifier":43,"name":"system/marker","pos":{"x":2550,"y":10,"z":-300},"angle":{"a":0,"b":0,"g":0}},{"identifier":44,"name":"system/marker","pos":{"x":2550,"y":10,"z":0},"angle":{"a":0,"b":0,"g":0}},{"identifier":45,"name":"system/marker","pos":{"x":2550,"y":10,"z":300},"angle":{"a":0,"b":0,"g":0}},{"identifier":46,"name":"system/marker","pos":{"x":2550,"y":10,"z":600},"angle":{"a":0,"b":0,"g":0}},{"identifier":1,"name":"items/magic/fern","pos":{"x":991.9707337997338,"y":0,"z":-589.1929021304815},"angle":{"a":0,"b":332.98466491110986,"g":0}},{"identifier":2,"name":"items/magic/fern","pos":{"x":1567.7774014667002,"y":0,"z":-231.51822042680567},"angle":{"a":0,"b":128.33896614443174,"g":0}},{"identifier":3,"name":"items/magic/fern","pos":{"x":2756.0133284536055,"y":0,"z":710.3165658117587},"angle":{"a":0,"b":52.178468758030455,"g":0}},{"identifier":4,"name":"items/magic/fern","pos":{"x":2429.4493310260455,"y":0,"z":-343.1186730606904},"angle":{"a":0,"b":207.41178114605313,"g":0}},{"identifier":5,"name":"items/magic/fern","pos":{"x":825.2580544595903,"y":0,"z":-788.5431149528977},"angle":{"a":0,"b":334.2482585820035,"g":0}},{"identifier":6,"name":"items/magic/fern","pos":{"x":676.2463370459368,"y":0,"z":352.70433265466954},"angle":{"a":0,"b":215.40827636486102,"g":0}},{"identifier":7,"name":"items/magic/fern","pos":{"x":650.123607265832,"y":0,"z":689.446730524138},"angle":{"a":0,"b":311.5525913589332,"g":0}},{"identifier":8,"name":"items/magic/fern","pos":{"x":2752.249129077994,"y":0,"z":-677.4397033348314},"angle":{"a":0,"b":243.54687240232116,"g":0}},{"identifier":9,"name":"items/magic/fern","pos":{"x":2752.5260375147004,"y":0,"z":-299.5324310328898},"angle":{"a":0,"b":43.30404053083039,"g":0}},{"identifier":10,"name":"items/magic/fern","pos":{"x":47.40089236877722,"y":0,"z":-38.892059793079625},"angle":{"a":0,"b":303.60103207447,"g":0}},{"identifier":11,"name":"items/magic/fern","pos":{"x":2345.2312019397837,"y":0,"z":-1.906170436864727},"angle":{"a":0,"b":181.02887889128633,"g":0}},{"identifier":12,"name":"items/magic/fern","pos":{"x":123.50796273389261,"y":0,"z":5.616874147561703},"angle":{"a":0,"b":62.44523283350172,"g":0}},{"identifier":13,"name":"items/magic/fern","pos":{"x":2583.862700323168,"y":0,"z":450.57749627752946},"angle":{"a":0,"b":312.03135978389275,"g":0}},{"identifier":14,"name":"items/magic/fern","pos":{"x":78.77891799178786,"y":0,"z":-770.2780222818054},"angle":{"a":0,"b":234.8781459038306,"g":0}},{"identifier":15,"name":"items/magic/fern","pos":{"x":1470.9982251359181,"y":0,"z":-180.59263803904776},"angle":{"a":0,"b":311.7038950400318,"g":0}},{"identifier":16,"name":"items/magic/fern","pos":{"x":493.71633109456025,"y":0,"z":-576.5869646537911},"angle":{"a":0,"b":261.825978480803,"g":0}},{"identifier":17,"name":"items/magic/fern","pos":{"x":-40.339075036133494,"y":0,"z":169.19448832210696},"angle":{"a":0,"b":123.49419744029447,"g":0}},{"identifier":18,"name":"items/magic/fern","pos":{"x":2428.7948026313356,"y":0,"z":-734.0759704862363},"angle":{"a":0,"b":228.19399553384557,"g":0}},{"identifier":19,"name":"items/magic/fern","pos":{"x":1910.4587678060648,"y":0,"z":744.4299781039363},"angle":{"a":0,"b":301.43740325493474,"g":0}},{"identifier":20,"name":"items/magic/fern","pos":{"x":1676.5534513163386,"y":0,"z":-69.77461423561499},"angle":{"a":0,"b":235.23259858200782,"g":0}},{"identifier":21,"name":"items/magic/fern","pos":{"x":-63.70686586532983,"y":0,"z":71.90273357270542},"angle":{"a":0,"b":211.68012837906784,"g":0}},{"identifier":22,"name":"items/magic/fern","pos":{"x":532.6244347676696,"y":0,"z":361.244858577272},"angle":{"a":0,"b":59.00539517797653,"g":0}},{"identifier":23,"name":"items/magic/fern","pos":{"x":136.89488675606248,"y":0,"z":-227.95596617239835},"angle":{"a":0,"b":154.92966684391013,"g":0}},{"identifier":24,"name":"items/magic/fern","pos":{"x":1735.7458146149588,"y":0,"z":-369.5241136012015},"angle":{"a":0,"b":296.15380604600085,"g":0}},{"identifier":25,"name":"items/magic/fern","pos":{"x":241.56449095315418,"y":0,"z":452.41045749256637},"angle":{"a":0,"b":77.74008167642968,"g":0}},{"identifier":26,"name":"items/magic/fern","pos":{"x":946.7676616259225,"y":0,"z":-271.20892759888056},"angle":{"a":0,"b":83.38008797942693,"g":0}},{"identifier":27,"name":"items/magic/fern","pos":{"x":317.3207612272597,"y":0,"z":-586.8529762457666},"angle":{"a":0,"b":163.79659305772577,"g":0}},{"identifier":28,"name":"items/magic/fern","pos":{"x":262.04381531968437,"y":0,"z":257.43417190920877},"angle":{"a":0,"b":250.12026995670666,"g":0}},{"identifier":29,"name":"items/magic/fern","pos":{"x":892.6792205013867,"y":0,"z":35.46527972277056},"angle":{"a":0,"b":7.161374782981711,"g":0}},{"identifier":30,"name":"items/magic/fern","pos":{"x":1826.4696435056553,"y":0,"z":400.40752635191257},"angle":{"a":0,"b":44.958316066899286,"g":0}},{"identifier":31,"name":"items/magic/fern","pos":{"x":2767.7311935921894,"y":0,"z":535.0640059833313},"angle":{"a":0,"b":108.76806004651034,"g":0}},{"identifier":32,"name":"items/magic/fern","pos":{"x":485.4301492682781,"y":0,"z":109.98784403004186},"angle":{"a":0,"b":37.10223053052092,"g":0}},{"identifier":33,"name":"items/magic/fern","pos":{"x":1729.5512174725295,"y":0,"z":307.8177460882025},"angle":{"a":0,"b":264.61889986562994,"g":0}},{"identifier":34,"name":"items/magic/fern","pos":{"x":591.8560296904477,"y":0,"z":290.8179563378735},"angle":{"a":0,"b":250.8290318330843,"g":0}},{"identifier":35,"name":"items/magic/fern","pos":{"x":1852.751294067078,"y":0,"z":773.6292891295095},"angle":{"a":0,"b":236.3667783902689,"g":0}},{"identifier":36,"name":"items/magic/fern","pos":{"x":2271.647579255713,"y":0,"z":-472.53017336066836},"angle":{"a":0,"b":175.80604281159978,"g":0}},{"identifier":37,"name":"items/magic/fern","pos":{"x":-153.81297695542753,"y":0,"z":-293.1785794650076},"angle":{"a":0,"b":291.3475215408407,"g":0}},{"identifier":38,"name":"items/magic/fern","pos":{"x":921.08969244488,"y":0,"z":-229.86532974708882},"angle":{"a":0,"b":137.2029168209482,"g":0}},{"identifier":39,"name":"items/magic/fern","pos":{"x":679.2023396045067,"y":0,"z":-291.7937174129911},"angle":{"a":0,"b":317.3918477186126,"g":0}},{"identifier":40,"name":"items/magic/fern","pos":{"x":1949.6188059354818,"y":0,"z":-647.0935478368981},"angle":{"a":0,"b":30.995039177422544,"g":0}},{"identifier":41,"name":"items/magic/fern","pos":{"x":1480.2717020464431,"y":0,"z":556.3068173295537},"angle":{"a":0,"b":67.07792019020891,"g":0}},{"identifier":42,"name":"items/magic/fern","pos":{"x":1018.2590965148261,"y":0,"z":-357.56836446203727},"angle":{"a":0,"b":288.4083500749779,"g":0}},{"identifier":43,"name":"items/magic/fern","pos":{"x":1534.2953278242182,"y":0,"z":449.2175674041621},"angle":{"a":0,"b":245.94487598549506,"g":0}},{"identifier":44,"name":"items/magic/fern","pos":{"x":247.68784948611363,"y":0,"z":123.98672826747406},"angle":{"a":0,"b":324.99149416110356,"g":0}},{"identifier":45,"name":"items/magic/fern","pos":{"x":1267.477883374535,"y":0,"z":-705.6879696079045},"angle":{"a":0,"b":206.6242579574937,"g":0}},{"identifier":46,"name":"items/magic/fern","pos":{"x":210.65778437607457,"y":0,"z":700.7681266514358},"angle":{"a":0,"b":260.0724289526986,"g":0}},{"identifier":47,"name":"items/magic/fern","pos":{"x":1997.7679302544343,"y":0,"z":482.1503557776691},"angle":{"a":0,"b":118.30511617396466,"g":0}},{"identifier":48,"name":"items/magic/fern","pos":{"x":1887.8068169617072,"y":0,"z":-404.6049763716247},"angle":{"a":0,"b":204.61531347253526,"g":0}},{"identifier":49,"name":"items/magic/fern","pos":{"x":1744.4782125175168,"y":0,"z":-639.7035344723039},"angle":{"a":0,"b":265.9481483517604,"g":0}},{"identifier":50,"name":"items/magic/fern","pos":{"x":1037.693651454323,"y":0,"z":221.75429499775316},"angle":{"a":0,"b":212.2370387427265,"g":0}},{"identifier":51,"name":"items/magic/fern","pos":{"x":152.7110892636183,"y":0,"z":-545.972455072666},"angle":{"a":0,"b":216.72784254915462,"g":0}},{"identifier":52,"name":"items/magic/fern","pos":{"x":2787.1813503741564,"y":0,"z":-509.96452225212477},"angle":{"a":0,"b":233.68108295866804,"g":0}},{"identifier":53,"name":"items/magic/fern","pos":{"x":2540.082822149669,"y":0,"z":-339.48592084572624},"angle":{"a":0,"b":2.5737922597469844,"g":0}},{"identifier":54,"name":"items/magic/fern","pos":{"x":519.2023854431118,"y":0,"z":-126.48370942514748},"angle":{"a":0,"b":7.018343019774565,"g":0}},{"identifier":55,"name":"items/magic/fern","pos":{"x":1254.9575159162507,"y":0,"z":624.5439086924114},"angle":{"a":0,"b":101.8337319446636,"g":0}},{"identifier":56,"name":"items/magic/fern","pos":{"x":212.75254143132855,"y":0,"z":499.9460552047708},"angle":{"a":0,"b":126.13121315537936,"g":0}},{"identifier":57,"name":"items/magic/fern","pos":{"x":2564.610087174683,"y":0,"z":437.70381379853325},"angle":{"a":0,"b":14.510812970712056,"g":0}},{"identifier":58,"name":"items/magic/fern","pos":{"x":2258.8041510466264,"y":0,"z":82.57474798015517},"angle":{"a":0,"b":106.81511591078424,"g":0}},{"identifier":59,"name":"items/magic/fern","pos":{"x":2084.190231134915,"y":0,"z":313.43014388831375},"angle":{"a":0,"b":37.23767103650291,"g":0}},{"identifier":60,"name":"items/magic/fern","pos":{"x":634.7882610272553,"y":0,"z":-367.04624973121963},"angle":{"a":0,"b":112.89585027590404,"g":0}},{"identifier":61,"name":"items/magic/fern","pos":{"x":2577.047129534521,"y":0,"z":8.163719062479686},"angle":{"a":0,"b":119.3299492457783,"g":0}},{"identifier":62,"name":"items/magic/fern","pos":{"x":915.5003727927726,"y":0,"z":128.9218905174913},"angle":{"a":0,"b":228.84235973237907,"g":0}},{"identifier":63,"name":"items/magic/fern","pos":{"x":2738.4976055386564,"y":0,"z":-662.85524092519},"angle":{"a":0,"b":119.76157365158436,"g":0}},{"identifier":64,"name":"items/magic/fern","pos":{"x":-101.85236354380025,"y":0,"z":-76.73333632225547},"angle":{"a":0,"b":295.6820758392405,"g":0}},{"identifier":65,"name":"items/magic/fern","pos":{"x":773.1180056545562,"y":0,"z":-767.377446201089},"angle":{"a":0,"b":128.24994811145297,"g":0}},{"identifier":66,"name":"items/magic/fern","pos":{"x":-62.68260001929781,"y":0,"z":-620.1399041478194},"angle":{"a":0,"b":20.67090571366877,"g":0}},{"identifier":67,"name":"items/magic/fern","pos":{"x":1099.8330095082993,"y":0,"z":-643.7832603221882},"angle":{"a":0,"b":39.04709326622238,"g":0}},{"identifier":68,"name":"items/magic/fern","pos":{"x":-176.93530211857518,"y":0,"z":378.43370969133116},"angle":{"a":0,"b":92.38536160792738,"g":0}},{"identifier":69,"name":"items/magic/fern","pos":{"x":2772.672986583986,"y":0,"z":-564.1185953479655},"angle":{"a":0,"b":80.39984757382102,"g":0}},{"identifier":70,"name":"items/magic/fern","pos":{"x":426.5592780883886,"y":0,"z":-280.90366695543696},"angle":{"a":0,"b":336.02318788301363,"g":0}},{"identifier":71,"name":"items/magic/fern","pos":{"x":554.8980162595417,"y":0,"z":-668.2285741287317},"angle":{"a":0,"b":64.12253165564093,"g":0}},{"identifier":72,"name":"items/magic/fern","pos":{"x":1958.1371301242084,"y":0,"z":-108.17291643774126},"angle":{"a":0,"b":188.435788201439,"g":0}},{"identifier":73,"name":"items/magic/fern","pos":{"x":1526.0189833889235,"y":0,"z":-632.8829261672909},"angle":{"a":0,"b":81.87606325454209,"g":0}},{"identifier":74,"name":"items/magic/fern","pos":{"x":1260.2272012142826,"y":0,"z":-144.24060595821106},"angle":{"a":0,"b":21.336332862446316,"g":0}},{"identifier":75,"name":"items/magic/fern","pos":{"x":949.4400286081016,"y":0,"z":-504.6286339711212},"angle":{"a":0,"b":65.78374970658986,"g":0}},{"identifier":76,"name":"items/magic/fern","pos":{"x":186.1590800086575,"y":0,"z":-589.705738558707},"angle":{"a":0,"b":115.97445066621718,"g":0}},{"identifier":77,"name":"items/magic/fern","pos":{"x":1538.4587019930452,"y":0,"z":-31.727828960030934},"angle":{"a":0,"b":241.22115796425575,"g":0}},{"identifier":78,"name":"items/magic/fern","pos":{"x":525.5242884711963,"y":0,"z":241.9063566456109},"angle":{"a":0,"b":33.86517228421195,"g":0}},{"identifier":79,"name":"items/magic/fern","pos":{"x":2443.2752208321886,"y":0,"z":89.07354202551744},"angle":{"a":0,"b":300.57991395982845,"g":0}},{"identifier":80,"name":"items/magic/fern","pos":{"x":2657.8077590128687,"y":0,"z":-425.1690808670597},"angle":{"a":0,"b":295.618844454703,"g":0}},{"identifier":81,"name":"items/magic/fern","pos":{"x":1216.4242226964348,"y":0,"z":-516.9245322447778},"angle":{"a":0,"b":147.08583967465148,"g":0}},{"identifier":82,"name":"items/magic/fern","pos":{"x":128.81347522222887,"y":0,"z":-230.04816927221884},"angle":{"a":0,"b":148.77968896541688,"g":0}},{"identifier":83,"name":"items/magic/fern","pos":{"x":146.46826195324684,"y":0,"z":-292.88376941912196},"angle":{"a":0,"b":262.31415886483546,"g":0}},{"identifier":84,"name":"items/magic/fern","pos":{"x":96.26706617194583,"y":0,"z":-326.794824426194},"angle":{"a":0,"b":266.936886631757,"g":0}},{"identifier":85,"name":"items/magic/fern","pos":{"x":2640.7741564539037,"y":0,"z":509.3242029524556},"angle":{"a":0,"b":3.394909607322018,"g":0}},{"identifier":86,"name":"items/magic/fern","pos":{"x":2360.509465873114,"y":0,"z":761.2176517755897},"angle":{"a":0,"b":118.98482416436114,"g":0}},{"identifier":87,"name":"items/magic/fern","pos":{"x":1502.7272917867292,"y":0,"z":-107.59326389419004},"angle":{"a":0,"b":117.78344526463368,"g":0}},{"identifier":88,"name":"items/magic/fern","pos":{"x":214.41465861976144,"y":0,"z":393.1481843462627},"angle":{"a":0,"b":110.32432438840695,"g":0}}]}