{"header":{"lastUser":"Arx Level Generator - version 0.17.0","time":1678570294,"posEdit":{"x":0,"y":-180,"z":0},"angleEdit":{"a":0,"b":-90,"g":0},"numberOfBackgroundPolygons":16444},"scene":{"levelIdx":1},"fogs":[],"paths":[],"zones":[{"name":"ambient_blackthing","height":100,"ambience":"ambient_blackthing","ambienceMaxVolume":100,"points":[{"pos":{"x":180,"y":-45.27980422973633,"z":-550},"type":0,"time":0},{"pos":{"x":100,"y":-45.27980422973633,"z":-550},"type":0,"time":0},{"pos":{"x":100,"y":-45.27980422973633,"z":-630},"type":0,"time":0},{"pos":{"x":180,"y":-45.27980422973633,"z":-630},"type":0,"time":0}]},{"name":"ambient_bunker_akbaa","height":100,"ambience":"ambient_bunker_akbaa","ambienceMaxVolume":100,"points":[{"pos":{"x":180,"y":-36.039127349853516,"z":-250},"type":0,"time":0},{"pos":{"x":100,"y":-36.039127349853516,"z":-250},"type":0,"time":0},{"pos":{"x":100,"y":-36.039127349853516,"z":-330},"type":0,"time":0},{"pos":{"x":180,"y":-36.039127349853516,"z":-330},"type":0,"time":0}]},{"name":"ambient_bunker","height":100,"ambience":"ambient_bunker","ambienceMaxVolume":100,"points":[{"pos":{"x":180,"y":-48.92426681518555,"z":50},"type":0,"time":0},{"pos":{"x":100,"y":-48.92426681518555,"z":50},"type":0,"time":0},{"pos":{"x":100,"y":-48.92426681518555,"z":-30},"type":0,"time":0},{"pos":{"x":180,"y":-48.92426681518555,"z":-30},"type":0,"time":0}]},{"name":"ambient_castle","height":100,"ambience":"ambient_castle","ambienceMaxVolume":100,"points":[{"pos":{"x":180,"y":-41.50065231323242,"z":350},"type":0,"time":0},{"pos":{"x":100,"y":-41.50065231323242,"z":350},"type":0,"time":0},{"pos":{"x":100,"y":-41.50065231323242,"z":270},"type":0,"time":0},{"pos":{"x":180,"y":-41.50065231323242,"z":270},"type":0,"time":0}]},{"name":"ambient_cave_a","height":100,"ambience":"ambient_cave_a","ambienceMaxVolume":100,"points":[{"pos":{"x":180,"y":-42.79475021362305,"z":650},"type":0,"time":0},{"pos":{"x":100,"y":-42.79475021362305,"z":650},"type":0,"time":0},{"pos":{"x":100,"y":-42.79475021362305,"z":570},"type":0,"time":0},{"pos":{"x":180,"y":-42.79475021362305,"z":570},"type":0,"time":0}]},{"name":"ambient_cave_b","height":100,"ambience":"ambient_cave_b","ambienceMaxVolume":100,"points":[{"pos":{"x":480,"y":-47.9910774230957,"z":-550},"type":0,"time":0},{"pos":{"x":400,"y":-47.9910774230957,"z":-550},"type":0,"time":0},{"pos":{"x":400,"y":-47.9910774230957,"z":-630},"type":0,"time":0},{"pos":{"x":480,"y":-47.9910774230957,"z":-630},"type":0,"time":0}]},{"name":"ambient_cave_frozen","height":100,"ambience":"ambient_cave_frozen","ambienceMaxVolume":100,"points":[{"pos":{"x":480,"y":-40.56061935424805,"z":-250},"type":0,"time":0},{"pos":{"x":400,"y":-40.56061935424805,"z":-250},"type":0,"time":0},{"pos":{"x":400,"y":-40.56061935424805,"z":-330},"type":0,"time":0},{"pos":{"x":480,"y":-40.56061935424805,"z":-330},"type":0,"time":0}]},{"name":"ambient_cave_greu","height":100,"ambience":"ambient_cave_greu","ambienceMaxVolume":100,"points":[{"pos":{"x":480,"y":-37.47956466674805,"z":50},"type":0,"time":0},{"pos":{"x":400,"y":-37.47956466674805,"z":50},"type":0,"time":0},{"pos":{"x":400,"y":-37.47956466674805,"z":-30},"type":0,"time":0},{"pos":{"x":480,"y":-37.47956466674805,"z":-30},"type":0,"time":0}]},{"name":"ambient_cave_lava","height":100,"ambience":"ambient_cave_lava","ambienceMaxVolume":100,"points":[{"pos":{"x":480,"y":-54.30986022949219,"z":350},"type":0,"time":0},{"pos":{"x":400,"y":-54.30986022949219,"z":350},"type":0,"time":0},{"pos":{"x":400,"y":-54.30986022949219,"z":270},"type":0,"time":0},{"pos":{"x":480,"y":-54.30986022949219,"z":270},"type":0,"time":0}]},{"name":"ambient_cave_worm","height":100,"ambience":"ambient_cave_worm","ambienceMaxVolume":100,"points":[{"pos":{"x":480,"y":-39.28619384765625,"z":650},"type":0,"time":0},{"pos":{"x":400,"y":-39.28619384765625,"z":650},"type":0,"time":0},{"pos":{"x":400,"y":-39.28619384765625,"z":570},"type":0,"time":0},{"pos":{"x":480,"y":-39.28619384765625,"z":570},"type":0,"time":0}]},{"name":"ambient_credits","height":100,"ambience":"ambient_credits","ambienceMaxVolume":100,"points":[{"pos":{"x":780,"y":-46.14116668701172,"z":-550},"type":0,"time":0},{"pos":{"x":700,"y":-46.14116668701172,"z":-550},"type":0,"time":0},{"pos":{"x":700,"y":-46.14116668701172,"z":-630},"type":0,"time":0},{"pos":{"x":780,"y":-46.14116668701172,"z":-630},"type":0,"time":0}]},{"name":"ambient_crypt_a","height":100,"ambience":"ambient_crypt_a","ambienceMaxVolume":100,"points":[{"pos":{"x":780,"y":-50.393165588378906,"z":-250},"type":0,"time":0},{"pos":{"x":700,"y":-50.393165588378906,"z":-250},"type":0,"time":0},{"pos":{"x":700,"y":-50.393165588378906,"z":-330},"type":0,"time":0},{"pos":{"x":780,"y":-50.393165588378906,"z":-330},"type":0,"time":0}]},{"name":"ambient_crypt_b","height":100,"ambience":"ambient_crypt_b","ambienceMaxVolume":100,"points":[{"pos":{"x":780,"y":-46.55210876464844,"z":50},"type":0,"time":0},{"pos":{"x":700,"y":-46.55210876464844,"z":50},"type":0,"time":0},{"pos":{"x":700,"y":-46.55210876464844,"z":-30},"type":0,"time":0},{"pos":{"x":780,"y":-46.55210876464844,"z":-30},"type":0,"time":0}]},{"name":"ambient_crypt_c","height":100,"ambience":"ambient_crypt_c","ambienceMaxVolume":100,"points":[{"pos":{"x":780,"y":-47.99229431152344,"z":350},"type":0,"time":0},{"pos":{"x":700,"y":-47.99229431152344,"z":350},"type":0,"time":0},{"pos":{"x":700,"y":-47.99229431152344,"z":270},"type":0,"time":0},{"pos":{"x":780,"y":-47.99229431152344,"z":270},"type":0,"time":0}]},{"name":"ambient_crypt_d","height":100,"ambience":"ambient_crypt_d","ambienceMaxVolume":100,"points":[{"pos":{"x":780,"y":-53.5184440612793,"z":650},"type":0,"time":0},{"pos":{"x":700,"y":-53.5184440612793,"z":650},"type":0,"time":0},{"pos":{"x":700,"y":-53.5184440612793,"z":570},"type":0,"time":0},{"pos":{"x":780,"y":-53.5184440612793,"z":570},"type":0,"time":0}]},{"name":"ambient_crypt_e","height":100,"ambience":"ambient_crypt_e","ambienceMaxVolume":100,"points":[{"pos":{"x":1080,"y":-47.404083251953125,"z":-550},"type":0,"time":0},{"pos":{"x":1000,"y":-47.404083251953125,"z":-550},"type":0,"time":0},{"pos":{"x":1000,"y":-47.404083251953125,"z":-630},"type":0,"time":0},{"pos":{"x":1080,"y":-47.404083251953125,"z":-630},"type":0,"time":0}]},{"name":"ambient_crypt_f","height":100,"ambience":"ambient_crypt_f","ambienceMaxVolume":100,"points":[{"pos":{"x":1080,"y":-41.526363372802734,"z":-250},"type":0,"time":0},{"pos":{"x":1000,"y":-41.526363372802734,"z":-250},"type":0,"time":0},{"pos":{"x":1000,"y":-41.526363372802734,"z":-330},"type":0,"time":0},{"pos":{"x":1080,"y":-41.526363372802734,"z":-330},"type":0,"time":0}]},{"name":"ambient_crypt_lich","height":100,"ambience":"ambient_crypt_lich","ambienceMaxVolume":100,"points":[{"pos":{"x":1080,"y":-47.16698455810547,"z":50},"type":0,"time":0},{"pos":{"x":1000,"y":-47.16698455810547,"z":50},"type":0,"time":0},{"pos":{"x":1000,"y":-47.16698455810547,"z":-30},"type":0,"time":0},{"pos":{"x":1080,"y":-47.16698455810547,"z":-30},"type":0,"time":0}]},{"name":"ambient_dramatic","height":100,"ambience":"ambient_dramatic","ambienceMaxVolume":100,"points":[{"pos":{"x":1080,"y":-54.12881851196289,"z":350},"type":0,"time":0},{"pos":{"x":1000,"y":-54.12881851196289,"z":350},"type":0,"time":0},{"pos":{"x":1000,"y":-54.12881851196289,"z":270},"type":0,"time":0},{"pos":{"x":1080,"y":-54.12881851196289,"z":270},"type":0,"time":0}]},{"name":"ambient_dwarf","height":100,"ambience":"ambient_dwarf","ambienceMaxVolume":100,"points":[{"pos":{"x":1080,"y":-43.26648712158203,"z":650},"type":0,"time":0},{"pos":{"x":1000,"y":-43.26648712158203,"z":650},"type":0,"time":0},{"pos":{"x":1000,"y":-43.26648712158203,"z":570},"type":0,"time":0},{"pos":{"x":1080,"y":-43.26648712158203,"z":570},"type":0,"time":0}]},{"name":"ambient_fight","height":100,"ambience":"ambient_fight","ambienceMaxVolume":100,"points":[{"pos":{"x":1380,"y":-54.1145133972168,"z":-550},"type":0,"time":0},{"pos":{"x":1300,"y":-54.1145133972168,"z":-550},"type":0,"time":0},{"pos":{"x":1300,"y":-54.1145133972168,"z":-630},"type":0,"time":0},{"pos":{"x":1380,"y":-54.1145133972168,"z":-630},"type":0,"time":0}]},{"name":"ambient_fight_music","height":100,"ambience":"ambient_fight_music","ambienceMaxVolume":100,"points":[{"pos":{"x":1380,"y":-39.82135009765625,"z":-250},"type":0,"time":0},{"pos":{"x":1300,"y":-39.82135009765625,"z":-250},"type":0,"time":0},{"pos":{"x":1300,"y":-39.82135009765625,"z":-330},"type":0,"time":0},{"pos":{"x":1380,"y":-39.82135009765625,"z":-330},"type":0,"time":0}]},{"name":"ambient_gob_castle","height":100,"ambience":"ambient_gob_castle","ambienceMaxVolume":100,"points":[{"pos":{"x":1380,"y":-46.32878494262695,"z":50},"type":0,"time":0},{"pos":{"x":1300,"y":-46.32878494262695,"z":50},"type":0,"time":0},{"pos":{"x":1300,"y":-46.32878494262695,"z":-30},"type":0,"time":0},{"pos":{"x":1380,"y":-46.32878494262695,"z":-30},"type":0,"time":0}]},{"name":"ambient_gob_intro","height":100,"ambience":"ambient_gob_intro","ambienceMaxVolume":100,"points":[{"pos":{"x":1380,"y":-53.064510345458984,"z":350},"type":0,"time":0},{"pos":{"x":1300,"y":-53.064510345458984,"z":350},"type":0,"time":0},{"pos":{"x":1300,"y":-53.064510345458984,"z":270},"type":0,"time":0},{"pos":{"x":1380,"y":-53.064510345458984,"z":270},"type":0,"time":0}]},{"name":"ambient_gob_jail_main","height":100,"ambience":"ambient_gob_jail_main","ambienceMaxVolume":100,"points":[{"pos":{"x":1380,"y":-49.6595573425293,"z":650},"type":0,"time":0},{"pos":{"x":1300,"y":-49.6595573425293,"z":650},"type":0,"time":0},{"pos":{"x":1300,"y":-49.6595573425293,"z":570},"type":0,"time":0},{"pos":{"x":1380,"y":-49.6595573425293,"z":570},"type":0,"time":0}]},{"name":"ambient_gob_jail_stress","height":100,"ambience":"ambient_gob_jail_stress","ambienceMaxVolume":100,"points":[{"pos":{"x":1680,"y":-49.320682525634766,"z":-550},"type":0,"time":0},{"pos":{"x":1600,"y":-49.320682525634766,"z":-550},"type":0,"time":0},{"pos":{"x":1600,"y":-49.320682525634766,"z":-630},"type":0,"time":0},{"pos":{"x":1680,"y":-49.320682525634766,"z":-630},"type":0,"time":0}]},{"name":"ambient_gob_ruin","height":100,"ambience":"ambient_gob_ruin","ambienceMaxVolume":100,"points":[{"pos":{"x":1680,"y":-41.60295867919922,"z":-250},"type":0,"time":0},{"pos":{"x":1600,"y":-41.60295867919922,"z":-250},"type":0,"time":0},{"pos":{"x":1600,"y":-41.60295867919922,"z":-330},"type":0,"time":0},{"pos":{"x":1680,"y":-41.60295867919922,"z":-330},"type":0,"time":0}]},{"name":"Ambient_important_place","height":100,"ambience":"Ambient_important_place","ambienceMaxVolume":100,"points":[{"pos":{"x":1680,"y":-35.450897216796875,"z":50},"type":0,"time":0},{"pos":{"x":1600,"y":-35.450897216796875,"z":50},"type":0,"time":0},{"pos":{"x":1600,"y":-35.450897216796875,"z":-30},"type":0,"time":0},{"pos":{"x":1680,"y":-35.450897216796875,"z":-30},"type":0,"time":0}]},{"name":"ambient_intro_a","height":100,"ambience":"ambient_intro_a","ambienceMaxVolume":100,"points":[{"pos":{"x":1680,"y":-44.89105224609375,"z":350},"type":0,"time":0},{"pos":{"x":1600,"y":-44.89105224609375,"z":350},"type":0,"time":0},{"pos":{"x":1600,"y":-44.89105224609375,"z":270},"type":0,"time":0},{"pos":{"x":1680,"y":-44.89105224609375,"z":270},"type":0,"time":0}]},{"name":"ambient_intro","height":100,"ambience":"ambient_intro","ambienceMaxVolume":100,"points":[{"pos":{"x":1680,"y":-47.102046966552734,"z":650},"type":0,"time":0},{"pos":{"x":1600,"y":-47.102046966552734,"z":650},"type":0,"time":0},{"pos":{"x":1600,"y":-47.102046966552734,"z":570},"type":0,"time":0},{"pos":{"x":1680,"y":-47.102046966552734,"z":570},"type":0,"time":0}]},{"name":"ambient_intro_b","height":100,"ambience":"ambient_intro_b","ambienceMaxVolume":100,"points":[{"pos":{"x":1980,"y":-52.37184143066406,"z":-550},"type":0,"time":0},{"pos":{"x":1900,"y":-52.37184143066406,"z":-550},"type":0,"time":0},{"pos":{"x":1900,"y":-52.37184143066406,"z":-630},"type":0,"time":0},{"pos":{"x":1980,"y":-52.37184143066406,"z":-630},"type":0,"time":0}]},{"name":"ambient_menu","height":100,"ambience":"ambient_menu","ambienceMaxVolume":100,"points":[{"pos":{"x":1980,"y":-39.984230041503906,"z":-250},"type":0,"time":0},{"pos":{"x":1900,"y":-39.984230041503906,"z":-250},"type":0,"time":0},{"pos":{"x":1900,"y":-39.984230041503906,"z":-330},"type":0,"time":0},{"pos":{"x":1980,"y":-39.984230041503906,"z":-330},"type":0,"time":0}]},{"name":"ambient_noden","height":100,"ambience":"ambient_noden","ambienceMaxVolume":100,"points":[{"pos":{"x":1980,"y":-53.73533248901367,"z":50},"type":0,"time":0},{"pos":{"x":1900,"y":-53.73533248901367,"z":50},"type":0,"time":0},{"pos":{"x":1900,"y":-53.73533248901367,"z":-30},"type":0,"time":0},{"pos":{"x":1980,"y":-53.73533248901367,"z":-30},"type":0,"time":0}]},{"name":"ambient_outpost","height":100,"ambience":"ambient_outpost","ambienceMaxVolume":100,"points":[{"pos":{"x":1980,"y":-37.47563552856445,"z":350},"type":0,"time":0},{"pos":{"x":1900,"y":-37.47563552856445,"z":350},"type":0,"time":0},{"pos":{"x":1900,"y":-37.47563552856445,"z":270},"type":0,"time":0},{"pos":{"x":1980,"y":-37.47563552856445,"z":270},"type":0,"time":0}]},{"name":"ambient_rebels_cool","height":100,"ambience":"ambient_rebels_cool","ambienceMaxVolume":100,"points":[{"pos":{"x":1980,"y":-42.06730270385742,"z":650},"type":0,"time":0},{"pos":{"x":1900,"y":-42.06730270385742,"z":650},"type":0,"time":0},{"pos":{"x":1900,"y":-42.06730270385742,"z":570},"type":0,"time":0},{"pos":{"x":1980,"y":-42.06730270385742,"z":570},"type":0,"time":0}]},{"name":"ambient_rebels_intense","height":100,"ambience":"ambient_rebels_intense","ambienceMaxVolume":100,"points":[{"pos":{"x":2280,"y":-54.56365966796875,"z":-550},"type":0,"time":0},{"pos":{"x":2200,"y":-54.56365966796875,"z":-550},"type":0,"time":0},{"pos":{"x":2200,"y":-54.56365966796875,"z":-630},"type":0,"time":0},{"pos":{"x":2280,"y":-54.56365966796875,"z":-630},"type":0,"time":0}]},{"name":"ambient_snake_castle","height":100,"ambience":"ambient_snake_castle","ambienceMaxVolume":100,"points":[{"pos":{"x":2280,"y":-54.88294982910156,"z":-250},"type":0,"time":0},{"pos":{"x":2200,"y":-54.88294982910156,"z":-250},"type":0,"time":0},{"pos":{"x":2200,"y":-54.88294982910156,"z":-330},"type":0,"time":0},{"pos":{"x":2280,"y":-54.88294982910156,"z":-330},"type":0,"time":0}]},{"name":"ambient_snake_illusion","height":100,"ambience":"ambient_snake_illusion","ambienceMaxVolume":100,"points":[{"pos":{"x":2280,"y":-40.71367263793945,"z":50},"type":0,"time":0},{"pos":{"x":2200,"y":-40.71367263793945,"z":50},"type":0,"time":0},{"pos":{"x":2200,"y":-40.71367263793945,"z":-30},"type":0,"time":0},{"pos":{"x":2280,"y":-40.71367263793945,"z":-30},"type":0,"time":0}]},{"name":"ambient_tavern","height":100,"ambience":"ambient_tavern","ambienceMaxVolume":100,"points":[{"pos":{"x":2280,"y":-42.94575500488281,"z":350},"type":0,"time":0},{"pos":{"x":2200,"y":-42.94575500488281,"z":350},"type":0,"time":0},{"pos":{"x":2200,"y":-42.94575500488281,"z":270},"type":0,"time":0},{"pos":{"x":2280,"y":-42.94575500488281,"z":270},"type":0,"time":0}]},{"name":"ambient_temple_akbaa","height":100,"ambience":"ambient_temple_akbaa","ambienceMaxVolume":100,"points":[{"pos":{"x":2280,"y":-46.99794387817383,"z":650},"type":0,"time":0},{"pos":{"x":2200,"y":-46.99794387817383,"z":650},"type":0,"time":0},{"pos":{"x":2200,"y":-46.99794387817383,"z":570},"type":0,"time":0},{"pos":{"x":2280,"y":-46.99794387817383,"z":570},"type":0,"time":0}]},{"name":"ambient_temple_akbaa_up","height":100,"ambience":"ambient_temple_akbaa_up","ambienceMaxVolume":100,"points":[{"pos":{"x":2580,"y":-46.40226364135742,"z":-550},"type":0,"time":0},{"pos":{"x":2500,"y":-46.40226364135742,"z":-550},"type":0,"time":0},{"pos":{"x":2500,"y":-46.40226364135742,"z":-630},"type":0,"time":0},{"pos":{"x":2580,"y":-46.40226364135742,"z":-630},"type":0,"time":0}]},{"name":"ambient_town","height":100,"ambience":"ambient_town","ambienceMaxVolume":100,"points":[{"pos":{"x":2580,"y":-47.90318298339844,"z":-250},"type":0,"time":0},{"pos":{"x":2500,"y":-47.90318298339844,"z":-250},"type":0,"time":0},{"pos":{"x":2500,"y":-47.90318298339844,"z":-330},"type":0,"time":0},{"pos":{"x":2580,"y":-47.90318298339844,"z":-330},"type":0,"time":0}]},{"name":"ambient_troll","height":100,"ambience":"ambient_troll","ambienceMaxVolume":100,"points":[{"pos":{"x":2580,"y":-43.19808578491211,"z":50},"type":0,"time":0},{"pos":{"x":2500,"y":-43.19808578491211,"z":50},"type":0,"time":0},{"pos":{"x":2500,"y":-43.19808578491211,"z":-30},"type":0,"time":0},{"pos":{"x":2580,"y":-43.19808578491211,"z":-30},"type":0,"time":0}]},{"name":"reverb_test","height":100,"ambience":"reverb_test","ambienceMaxVolume":100,"points":[{"pos":{"x":2580,"y":-38.59385681152344,"z":350},"type":0,"time":0},{"pos":{"x":2500,"y":-38.59385681152344,"z":350},"type":0,"time":0},{"pos":{"x":2500,"y":-38.59385681152344,"z":270},"type":0,"time":0},{"pos":{"x":2580,"y":-38.59385681152344,"z":270},"type":0,"time":0}]},{"name":"stress","height":100,"ambience":"stress","ambienceMaxVolume":100,"points":[{"pos":{"x":2580,"y":-48.4858512878418,"z":650},"type":0,"time":0},{"pos":{"x":2500,"y":-48.4858512878418,"z":650},"type":0,"time":0},{"pos":{"x":2500,"y":-48.4858512878418,"z":570},"type":0,"time":0},{"pos":{"x":2580,"y":-48.4858512878418,"z":570},"type":0,"time":0}]},{"name":"none","backgroundColor":{"r":68,"g":68,"b":68,"a":1},"height":10,"ambience":"none","ambienceMaxVolume":100,"points":[{"pos":{"x":2900,"y":-20,"z":850},"type":0,"time":0},{"pos":{"x":-200,"y":-20,"z":850},"type":0,"time":0},{"pos":{"x":-200,"y":-20,"z":-850},"type":0,"time":0},{"pos":{"x":2900,"y":-20,"z":-850},"type":0,"time":0}]}],"interactiveObjects":[{"identifier":1,"name":"system/marker","pos":{"x":0,"y":0,"z":0},"angle":{"a":0,"b":0,"g":0}},{"identifier":2,"name":"system/marker","pos":{"x":150,"y":10,"z":-600},"angle":{"a":0,"b":0,"g":0}},{"identifier":3,"name":"system/marker","pos":{"x":150,"y":10,"z":-300},"angle":{"a":0,"b":0,"g":0}},{"identifier":4,"name":"system/marker","pos":{"x":150,"y":10,"z":0},"angle":{"a":0,"b":0,"g":0}},{"identifier":5,"name":"system/marker","pos":{"x":150,"y":10,"z":300},"angle":{"a":0,"b":0,"g":0}},{"identifier":6,"name":"system/marker","pos":{"x":150,"y":10,"z":600},"angle":{"a":0,"b":0,"g":0}},{"identifier":7,"name":"system/marker","pos":{"x":450,"y":10,"z":-600},"angle":{"a":0,"b":0,"g":0}},{"identifier":8,"name":"system/marker","pos":{"x":450,"y":10,"z":-300},"angle":{"a":0,"b":0,"g":0}},{"identifier":9,"name":"system/marker","pos":{"x":450,"y":10,"z":0},"angle":{"a":0,"b":0,"g":0}},{"identifier":10,"name":"system/marker","pos":{"x":450,"y":10,"z":300},"angle":{"a":0,"b":0,"g":0}},{"identifier":11,"name":"system/marker","pos":{"x":450,"y":10,"z":600},"angle":{"a":0,"b":0,"g":0}},{"identifier":12,"name":"system/marker","pos":{"x":750,"y":10,"z":-600},"angle":{"a":0,"b":0,"g":0}},{"identifier":13,"name":"system/marker","pos":{"x":750,"y":10,"z":-300},"angle":{"a":0,"b":0,"g":0}},{"identifier":14,"name":"system/marker","pos":{"x":750,"y":10,"z":0},"angle":{"a":0,"b":0,"g":0}},{"identifier":15,"name":"system/marker","pos":{"x":750,"y":10,"z":300},"angle":{"a":0,"b":0,"g":0}},{"identifier":16,"name":"system/marker","pos":{"x":750,"y":10,"z":600},"angle":{"a":0,"b":0,"g":0}},{"identifier":17,"name":"system/marker","pos":{"x":1050,"y":10,"z":-600},"angle":{"a":0,"b":0,"g":0}},{"identifier":18,"name":"system/marker","pos":{"x":1050,"y":10,"z":-300},"angle":{"a":0,"b":0,"g":0}},{"identifier":19,"name":"system/marker","pos":{"x":1050,"y":10,"z":0},"angle":{"a":0,"b":0,"g":0}},{"identifier":20,"name":"system/marker","pos":{"x":1050,"y":10,"z":300},"angle":{"a":0,"b":0,"g":0}},{"identifier":21,"name":"system/marker","pos":{"x":1050,"y":10,"z":600},"angle":{"a":0,"b":0,"g":0}},{"identifier":22,"name":"system/marker","pos":{"x":1350,"y":10,"z":-600},"angle":{"a":0,"b":0,"g":0}},{"identifier":23,"name":"system/marker","pos":{"x":1350,"y":10,"z":-300},"angle":{"a":0,"b":0,"g":0}},{"identifier":24,"name":"system/marker","pos":{"x":1350,"y":10,"z":0},"angle":{"a":0,"b":0,"g":0}},{"identifier":25,"name":"system/marker","pos":{"x":1350,"y":10,"z":300},"angle":{"a":0,"b":0,"g":0}},{"identifier":26,"name":"system/marker","pos":{"x":1350,"y":10,"z":600},"angle":{"a":0,"b":0,"g":0}},{"identifier":27,"name":"system/marker","pos":{"x":1650,"y":10,"z":-600},"angle":{"a":0,"b":0,"g":0}},{"identifier":28,"name":"system/marker","pos":{"x":1650,"y":10,"z":-300},"angle":{"a":0,"b":0,"g":0}},{"identifier":29,"name":"system/marker","pos":{"x":1650,"y":10,"z":0},"angle":{"a":0,"b":0,"g":0}},{"identifier":30,"name":"system/marker","pos":{"x":1650,"y":10,"z":300},"angle":{"a":0,"b":0,"g":0}},{"identifier":31,"name":"system/marker","pos":{"x":1650,"y":10,"z":600},"angle":{"a":0,"b":0,"g":0}},{"identifier":32,"name":"system/marker","pos":{"x":1950,"y":10,"z":-600},"angle":{"a":0,"b":0,"g":0}},{"identifier":33,"name":"system/marker","pos":{"x":1950,"y":10,"z":-300},"angle":{"a":0,"b":0,"g":0}},{"identifier":34,"name":"system/marker","pos":{"x":1950,"y":10,"z":0},"angle":{"a":0,"b":0,"g":0}},{"identifier":35,"name":"system/marker","pos":{"x":1950,"y":10,"z":300},"angle":{"a":0,"b":0,"g":0}},{"identifier":36,"name":"system/marker","pos":{"x":1950,"y":10,"z":600},"angle":{"a":0,"b":0,"g":0}},{"identifier":37,"name":"system/marker","pos":{"x":2250,"y":10,"z":-600},"angle":{"a":0,"b":0,"g":0}},{"identifier":38,"name":"system/marker","pos":{"x":2250,"y":10,"z":-300},"angle":{"a":0,"b":0,"g":0}},{"identifier":39,"name":"system/marker","pos":{"x":2250,"y":10,"z":0},"angle":{"a":0,"b":0,"g":0}},{"identifier":40,"name":"system/marker","pos":{"x":2250,"y":10,"z":300},"angle":{"a":0,"b":0,"g":0}},{"identifier":41,"name":"system/marker","pos":{"x":2250,"y":10,"z":600},"angle":{"a":0,"b":0,"g":0}},{"identifier":42,"name":"system/marker","pos":{"x":2550,"y":10,"z":-600},"angle":{"a":0,"b":0,"g":0}},{"identifier":43,"name":"system/marker","pos":{"x":2550,"y":10,"z":-300},"angle":{"a":0,"b":0,"g":0}},{"identifier":44,"name":"system/marker","pos":{"x":2550,"y":10,"z":0},"angle":{"a":0,"b":0,"g":0}},{"identifier":45,"name":"system/marker","pos":{"x":2550,"y":10,"z":300},"angle":{"a":0,"b":0,"g":0}},{"identifier":46,"name":"system/marker","pos":{"x":2550,"y":10,"z":600},"angle":{"a":0,"b":0,"g":0}}]}