{"header":{"lastUser":"Arx Level Generator - version 0.17.0","time":1674351974,"posEdit":{"x":0,"y":-180,"z":0},"angleEdit":{"a":0,"b":-90,"g":0},"numberOfBackgroundPolygons":572},"scene":{"levelIdx":1},"fogs":[],"paths":[],"zones":[{"name":"none","backgroundColor":{"r":17,"g":17,"b":17,"a":1},"height":10,"ambience":"none","ambienceMaxVolume":100,"points":[{"pos":{"x":2900,"y":-10,"z":850},"type":0,"time":0},{"pos":{"x":-200,"y":-10,"z":850},"type":0,"time":0},{"pos":{"x":-200,"y":-10,"z":-850},"type":0,"time":0},{"pos":{"x":2900,"y":-10,"z":-850},"type":0,"time":0}]},{"name":"ambient_blackthing","height":50,"ambience":"ambient_blackthing","ambienceMaxVolume":100,"points":[{"pos":{"x":200,"y":-30,"z":-550},"type":0,"time":0},{"pos":{"x":100,"y":-30,"z":-550},"type":0,"time":0},{"pos":{"x":100,"y":-30,"z":-650},"type":0,"time":0},{"pos":{"x":200,"y":-30,"z":-650},"type":0,"time":0}]},{"name":"ambient_bunker_akbaa","height":50,"ambience":"ambient_bunker_akbaa","ambienceMaxVolume":100,"points":[{"pos":{"x":200,"y":-30,"z":-250},"type":0,"time":0},{"pos":{"x":100,"y":-30,"z":-250},"type":0,"time":0},{"pos":{"x":100,"y":-30,"z":-350},"type":0,"time":0},{"pos":{"x":200,"y":-30,"z":-350},"type":0,"time":0}]},{"name":"ambient_bunker","height":50,"ambience":"ambient_bunker","ambienceMaxVolume":100,"points":[{"pos":{"x":200,"y":-30,"z":50},"type":0,"time":0},{"pos":{"x":100,"y":-30,"z":50},"type":0,"time":0},{"pos":{"x":100,"y":-30,"z":-50},"type":0,"time":0},{"pos":{"x":200,"y":-30,"z":-50},"type":0,"time":0}]},{"name":"ambient_castle","height":50,"ambience":"ambient_castle","ambienceMaxVolume":100,"points":[{"pos":{"x":200,"y":-30,"z":350},"type":0,"time":0},{"pos":{"x":100,"y":-30,"z":350},"type":0,"time":0},{"pos":{"x":100,"y":-30,"z":250},"type":0,"time":0},{"pos":{"x":200,"y":-30,"z":250},"type":0,"time":0}]},{"name":"ambient_cave_a","height":50,"ambience":"ambient_cave_a","ambienceMaxVolume":100,"points":[{"pos":{"x":200,"y":-30,"z":650},"type":0,"time":0},{"pos":{"x":100,"y":-30,"z":650},"type":0,"time":0},{"pos":{"x":100,"y":-30,"z":550},"type":0,"time":0},{"pos":{"x":200,"y":-30,"z":550},"type":0,"time":0}]},{"name":"ambient_cave_b","height":50,"ambience":"ambient_cave_b","ambienceMaxVolume":100,"points":[{"pos":{"x":500,"y":-30,"z":-550},"type":0,"time":0},{"pos":{"x":400,"y":-30,"z":-550},"type":0,"time":0},{"pos":{"x":400,"y":-30,"z":-650},"type":0,"time":0},{"pos":{"x":500,"y":-30,"z":-650},"type":0,"time":0}]},{"name":"ambient_cave_frozen","height":50,"ambience":"ambient_cave_frozen","ambienceMaxVolume":100,"points":[{"pos":{"x":500,"y":-30,"z":-250},"type":0,"time":0},{"pos":{"x":400,"y":-30,"z":-250},"type":0,"time":0},{"pos":{"x":400,"y":-30,"z":-350},"type":0,"time":0},{"pos":{"x":500,"y":-30,"z":-350},"type":0,"time":0}]},{"name":"ambient_cave_greu","height":50,"ambience":"ambient_cave_greu","ambienceMaxVolume":100,"points":[{"pos":{"x":500,"y":-30,"z":50},"type":0,"time":0},{"pos":{"x":400,"y":-30,"z":50},"type":0,"time":0},{"pos":{"x":400,"y":-30,"z":-50},"type":0,"time":0},{"pos":{"x":500,"y":-30,"z":-50},"type":0,"time":0}]},{"name":"ambient_cave_lava","height":50,"ambience":"ambient_cave_lava","ambienceMaxVolume":100,"points":[{"pos":{"x":500,"y":-30,"z":350},"type":0,"time":0},{"pos":{"x":400,"y":-30,"z":350},"type":0,"time":0},{"pos":{"x":400,"y":-30,"z":250},"type":0,"time":0},{"pos":{"x":500,"y":-30,"z":250},"type":0,"time":0}]},{"name":"ambient_cave_worm","height":50,"ambience":"ambient_cave_worm","ambienceMaxVolume":100,"points":[{"pos":{"x":500,"y":-30,"z":650},"type":0,"time":0},{"pos":{"x":400,"y":-30,"z":650},"type":0,"time":0},{"pos":{"x":400,"y":-30,"z":550},"type":0,"time":0},{"pos":{"x":500,"y":-30,"z":550},"type":0,"time":0}]},{"name":"ambient_credits","height":50,"ambience":"ambient_credits","ambienceMaxVolume":100,"points":[{"pos":{"x":800,"y":-30,"z":-550},"type":0,"time":0},{"pos":{"x":700,"y":-30,"z":-550},"type":0,"time":0},{"pos":{"x":700,"y":-30,"z":-650},"type":0,"time":0},{"pos":{"x":800,"y":-30,"z":-650},"type":0,"time":0}]},{"name":"ambient_crypt_a","height":50,"ambience":"ambient_crypt_a","ambienceMaxVolume":100,"points":[{"pos":{"x":800,"y":-30,"z":-250},"type":0,"time":0},{"pos":{"x":700,"y":-30,"z":-250},"type":0,"time":0},{"pos":{"x":700,"y":-30,"z":-350},"type":0,"time":0},{"pos":{"x":800,"y":-30,"z":-350},"type":0,"time":0}]},{"name":"ambient_crypt_b","height":50,"ambience":"ambient_crypt_b","ambienceMaxVolume":100,"points":[{"pos":{"x":800,"y":-30,"z":50},"type":0,"time":0},{"pos":{"x":700,"y":-30,"z":50},"type":0,"time":0},{"pos":{"x":700,"y":-30,"z":-50},"type":0,"time":0},{"pos":{"x":800,"y":-30,"z":-50},"type":0,"time":0}]},{"name":"ambient_crypt_c","height":50,"ambience":"ambient_crypt_c","ambienceMaxVolume":100,"points":[{"pos":{"x":800,"y":-30,"z":350},"type":0,"time":0},{"pos":{"x":700,"y":-30,"z":350},"type":0,"time":0},{"pos":{"x":700,"y":-30,"z":250},"type":0,"time":0},{"pos":{"x":800,"y":-30,"z":250},"type":0,"time":0}]},{"name":"ambient_crypt_d","height":50,"ambience":"ambient_crypt_d","ambienceMaxVolume":100,"points":[{"pos":{"x":800,"y":-30,"z":650},"type":0,"time":0},{"pos":{"x":700,"y":-30,"z":650},"type":0,"time":0},{"pos":{"x":700,"y":-30,"z":550},"type":0,"time":0},{"pos":{"x":800,"y":-30,"z":550},"type":0,"time":0}]},{"name":"ambient_crypt_e","height":50,"ambience":"ambient_crypt_e","ambienceMaxVolume":100,"points":[{"pos":{"x":1100,"y":-30,"z":-550},"type":0,"time":0},{"pos":{"x":1000,"y":-30,"z":-550},"type":0,"time":0},{"pos":{"x":1000,"y":-30,"z":-650},"type":0,"time":0},{"pos":{"x":1100,"y":-30,"z":-650},"type":0,"time":0}]},{"name":"ambient_crypt_f","height":50,"ambience":"ambient_crypt_f","ambienceMaxVolume":100,"points":[{"pos":{"x":1100,"y":-30,"z":-250},"type":0,"time":0},{"pos":{"x":1000,"y":-30,"z":-250},"type":0,"time":0},{"pos":{"x":1000,"y":-30,"z":-350},"type":0,"time":0},{"pos":{"x":1100,"y":-30,"z":-350},"type":0,"time":0}]},{"name":"ambient_crypt_lich","height":50,"ambience":"ambient_crypt_lich","ambienceMaxVolume":100,"points":[{"pos":{"x":1100,"y":-30,"z":50},"type":0,"time":0},{"pos":{"x":1000,"y":-30,"z":50},"type":0,"time":0},{"pos":{"x":1000,"y":-30,"z":-50},"type":0,"time":0},{"pos":{"x":1100,"y":-30,"z":-50},"type":0,"time":0}]},{"name":"ambient_dramatic","height":50,"ambience":"ambient_dramatic","ambienceMaxVolume":100,"points":[{"pos":{"x":1100,"y":-30,"z":350},"type":0,"time":0},{"pos":{"x":1000,"y":-30,"z":350},"type":0,"time":0},{"pos":{"x":1000,"y":-30,"z":250},"type":0,"time":0},{"pos":{"x":1100,"y":-30,"z":250},"type":0,"time":0}]},{"name":"ambient_dwarf","height":50,"ambience":"ambient_dwarf","ambienceMaxVolume":100,"points":[{"pos":{"x":1100,"y":-30,"z":650},"type":0,"time":0},{"pos":{"x":1000,"y":-30,"z":650},"type":0,"time":0},{"pos":{"x":1000,"y":-30,"z":550},"type":0,"time":0},{"pos":{"x":1100,"y":-30,"z":550},"type":0,"time":0}]},{"name":"ambient_fight","height":50,"ambience":"ambient_fight","ambienceMaxVolume":100,"points":[{"pos":{"x":1400,"y":-30,"z":-550},"type":0,"time":0},{"pos":{"x":1300,"y":-30,"z":-550},"type":0,"time":0},{"pos":{"x":1300,"y":-30,"z":-650},"type":0,"time":0},{"pos":{"x":1400,"y":-30,"z":-650},"type":0,"time":0}]},{"name":"ambient_fight_music","height":50,"ambience":"ambient_fight_music","ambienceMaxVolume":100,"points":[{"pos":{"x":1400,"y":-30,"z":-250},"type":0,"time":0},{"pos":{"x":1300,"y":-30,"z":-250},"type":0,"time":0},{"pos":{"x":1300,"y":-30,"z":-350},"type":0,"time":0},{"pos":{"x":1400,"y":-30,"z":-350},"type":0,"time":0}]},{"name":"ambient_gob_castle","height":50,"ambience":"ambient_gob_castle","ambienceMaxVolume":100,"points":[{"pos":{"x":1400,"y":-30,"z":50},"type":0,"time":0},{"pos":{"x":1300,"y":-30,"z":50},"type":0,"time":0},{"pos":{"x":1300,"y":-30,"z":-50},"type":0,"time":0},{"pos":{"x":1400,"y":-30,"z":-50},"type":0,"time":0}]},{"name":"ambient_gob_intro","height":50,"ambience":"ambient_gob_intro","ambienceMaxVolume":100,"points":[{"pos":{"x":1400,"y":-30,"z":350},"type":0,"time":0},{"pos":{"x":1300,"y":-30,"z":350},"type":0,"time":0},{"pos":{"x":1300,"y":-30,"z":250},"type":0,"time":0},{"pos":{"x":1400,"y":-30,"z":250},"type":0,"time":0}]},{"name":"ambient_gob_jail_main","height":50,"ambience":"ambient_gob_jail_main","ambienceMaxVolume":100,"points":[{"pos":{"x":1400,"y":-30,"z":650},"type":0,"time":0},{"pos":{"x":1300,"y":-30,"z":650},"type":0,"time":0},{"pos":{"x":1300,"y":-30,"z":550},"type":0,"time":0},{"pos":{"x":1400,"y":-30,"z":550},"type":0,"time":0}]},{"name":"ambient_gob_jail_stress","height":50,"ambience":"ambient_gob_jail_stress","ambienceMaxVolume":100,"points":[{"pos":{"x":1700,"y":-30,"z":-550},"type":0,"time":0},{"pos":{"x":1600,"y":-30,"z":-550},"type":0,"time":0},{"pos":{"x":1600,"y":-30,"z":-650},"type":0,"time":0},{"pos":{"x":1700,"y":-30,"z":-650},"type":0,"time":0}]},{"name":"ambient_gob_ruin","height":50,"ambience":"ambient_gob_ruin","ambienceMaxVolume":100,"points":[{"pos":{"x":1700,"y":-30,"z":-250},"type":0,"time":0},{"pos":{"x":1600,"y":-30,"z":-250},"type":0,"time":0},{"pos":{"x":1600,"y":-30,"z":-350},"type":0,"time":0},{"pos":{"x":1700,"y":-30,"z":-350},"type":0,"time":0}]},{"name":"Ambient_important_place","height":50,"ambience":"Ambient_important_place","ambienceMaxVolume":100,"points":[{"pos":{"x":1700,"y":-30,"z":50},"type":0,"time":0},{"pos":{"x":1600,"y":-30,"z":50},"type":0,"time":0},{"pos":{"x":1600,"y":-30,"z":-50},"type":0,"time":0},{"pos":{"x":1700,"y":-30,"z":-50},"type":0,"time":0}]},{"name":"ambient_intro_a","height":50,"ambience":"ambient_intro_a","ambienceMaxVolume":100,"points":[{"pos":{"x":1700,"y":-30,"z":350},"type":0,"time":0},{"pos":{"x":1600,"y":-30,"z":350},"type":0,"time":0},{"pos":{"x":1600,"y":-30,"z":250},"type":0,"time":0},{"pos":{"x":1700,"y":-30,"z":250},"type":0,"time":0}]},{"name":"ambient_intro","height":50,"ambience":"ambient_intro","ambienceMaxVolume":100,"points":[{"pos":{"x":1700,"y":-30,"z":650},"type":0,"time":0},{"pos":{"x":1600,"y":-30,"z":650},"type":0,"time":0},{"pos":{"x":1600,"y":-30,"z":550},"type":0,"time":0},{"pos":{"x":1700,"y":-30,"z":550},"type":0,"time":0}]},{"name":"ambient_intro_b","height":50,"ambience":"ambient_intro_b","ambienceMaxVolume":100,"points":[{"pos":{"x":2000,"y":-30,"z":-550},"type":0,"time":0},{"pos":{"x":1900,"y":-30,"z":-550},"type":0,"time":0},{"pos":{"x":1900,"y":-30,"z":-650},"type":0,"time":0},{"pos":{"x":2000,"y":-30,"z":-650},"type":0,"time":0}]},{"name":"ambient_menu","height":50,"ambience":"ambient_menu","ambienceMaxVolume":100,"points":[{"pos":{"x":2000,"y":-30,"z":-250},"type":0,"time":0},{"pos":{"x":1900,"y":-30,"z":-250},"type":0,"time":0},{"pos":{"x":1900,"y":-30,"z":-350},"type":0,"time":0},{"pos":{"x":2000,"y":-30,"z":-350},"type":0,"time":0}]},{"name":"ambient_noden","height":50,"ambience":"ambient_noden","ambienceMaxVolume":100,"points":[{"pos":{"x":2000,"y":-30,"z":50},"type":0,"time":0},{"pos":{"x":1900,"y":-30,"z":50},"type":0,"time":0},{"pos":{"x":1900,"y":-30,"z":-50},"type":0,"time":0},{"pos":{"x":2000,"y":-30,"z":-50},"type":0,"time":0}]},{"name":"ambient_outpost","height":50,"ambience":"ambient_outpost","ambienceMaxVolume":100,"points":[{"pos":{"x":2000,"y":-30,"z":350},"type":0,"time":0},{"pos":{"x":1900,"y":-30,"z":350},"type":0,"time":0},{"pos":{"x":1900,"y":-30,"z":250},"type":0,"time":0},{"pos":{"x":2000,"y":-30,"z":250},"type":0,"time":0}]},{"name":"ambient_rebels_cool","height":50,"ambience":"ambient_rebels_cool","ambienceMaxVolume":100,"points":[{"pos":{"x":2000,"y":-30,"z":650},"type":0,"time":0},{"pos":{"x":1900,"y":-30,"z":650},"type":0,"time":0},{"pos":{"x":1900,"y":-30,"z":550},"type":0,"time":0},{"pos":{"x":2000,"y":-30,"z":550},"type":0,"time":0}]},{"name":"ambient_rebels_intense","height":50,"ambience":"ambient_rebels_intense","ambienceMaxVolume":100,"points":[{"pos":{"x":2300,"y":-30,"z":-550},"type":0,"time":0},{"pos":{"x":2200,"y":-30,"z":-550},"type":0,"time":0},{"pos":{"x":2200,"y":-30,"z":-650},"type":0,"time":0},{"pos":{"x":2300,"y":-30,"z":-650},"type":0,"time":0}]},{"name":"ambient_snake_castle","height":50,"ambience":"ambient_snake_castle","ambienceMaxVolume":100,"points":[{"pos":{"x":2300,"y":-30,"z":-250},"type":0,"time":0},{"pos":{"x":2200,"y":-30,"z":-250},"type":0,"time":0},{"pos":{"x":2200,"y":-30,"z":-350},"type":0,"time":0},{"pos":{"x":2300,"y":-30,"z":-350},"type":0,"time":0}]},{"name":"ambient_snake_illusion","height":50,"ambience":"ambient_snake_illusion","ambienceMaxVolume":100,"points":[{"pos":{"x":2300,"y":-30,"z":50},"type":0,"time":0},{"pos":{"x":2200,"y":-30,"z":50},"type":0,"time":0},{"pos":{"x":2200,"y":-30,"z":-50},"type":0,"time":0},{"pos":{"x":2300,"y":-30,"z":-50},"type":0,"time":0}]},{"name":"ambient_tavern","height":50,"ambience":"ambient_tavern","ambienceMaxVolume":100,"points":[{"pos":{"x":2300,"y":-30,"z":350},"type":0,"time":0},{"pos":{"x":2200,"y":-30,"z":350},"type":0,"time":0},{"pos":{"x":2200,"y":-30,"z":250},"type":0,"time":0},{"pos":{"x":2300,"y":-30,"z":250},"type":0,"time":0}]},{"name":"ambient_temple_akbaa","height":50,"ambience":"ambient_temple_akbaa","ambienceMaxVolume":100,"points":[{"pos":{"x":2300,"y":-30,"z":650},"type":0,"time":0},{"pos":{"x":2200,"y":-30,"z":650},"type":0,"time":0},{"pos":{"x":2200,"y":-30,"z":550},"type":0,"time":0},{"pos":{"x":2300,"y":-30,"z":550},"type":0,"time":0}]},{"name":"ambient_temple_akbaa_up","height":50,"ambience":"ambient_temple_akbaa_up","ambienceMaxVolume":100,"points":[{"pos":{"x":2600,"y":-30,"z":-550},"type":0,"time":0},{"pos":{"x":2500,"y":-30,"z":-550},"type":0,"time":0},{"pos":{"x":2500,"y":-30,"z":-650},"type":0,"time":0},{"pos":{"x":2600,"y":-30,"z":-650},"type":0,"time":0}]},{"name":"ambient_town","height":50,"ambience":"ambient_town","ambienceMaxVolume":100,"points":[{"pos":{"x":2600,"y":-30,"z":-250},"type":0,"time":0},{"pos":{"x":2500,"y":-30,"z":-250},"type":0,"time":0},{"pos":{"x":2500,"y":-30,"z":-350},"type":0,"time":0},{"pos":{"x":2600,"y":-30,"z":-350},"type":0,"time":0}]},{"name":"ambient_troll","height":50,"ambience":"ambient_troll","ambienceMaxVolume":100,"points":[{"pos":{"x":2600,"y":-30,"z":50},"type":0,"time":0},{"pos":{"x":2500,"y":-30,"z":50},"type":0,"time":0},{"pos":{"x":2500,"y":-30,"z":-50},"type":0,"time":0},{"pos":{"x":2600,"y":-30,"z":-50},"type":0,"time":0}]},{"name":"reverb_test","height":50,"ambience":"reverb_test","ambienceMaxVolume":100,"points":[{"pos":{"x":2600,"y":-30,"z":350},"type":0,"time":0},{"pos":{"x":2500,"y":-30,"z":350},"type":0,"time":0},{"pos":{"x":2500,"y":-30,"z":250},"type":0,"time":0},{"pos":{"x":2600,"y":-30,"z":250},"type":0,"time":0}]},{"name":"stress","height":50,"ambience":"stress","ambienceMaxVolume":100,"points":[{"pos":{"x":2600,"y":-30,"z":650},"type":0,"time":0},{"pos":{"x":2500,"y":-30,"z":650},"type":0,"time":0},{"pos":{"x":2500,"y":-30,"z":550},"type":0,"time":0},{"pos":{"x":2600,"y":-30,"z":550},"type":0,"time":0}]}],"interactiveObjects":[{"identifier":1,"name":"system/marker","pos":{"x":150,"y":0,"z":-600},"angle":{"a":0,"b":0,"g":0}},{"identifier":2,"name":"system/marker","pos":{"x":150,"y":0,"z":-300},"angle":{"a":0,"b":0,"g":0}},{"identifier":3,"name":"system/marker","pos":{"x":150,"y":0,"z":0},"angle":{"a":0,"b":0,"g":0}},{"identifier":4,"name":"system/marker","pos":{"x":150,"y":0,"z":300},"angle":{"a":0,"b":0,"g":0}},{"identifier":5,"name":"system/marker","pos":{"x":150,"y":0,"z":600},"angle":{"a":0,"b":0,"g":0}},{"identifier":6,"name":"system/marker","pos":{"x":450,"y":0,"z":-600},"angle":{"a":0,"b":0,"g":0}},{"identifier":7,"name":"system/marker","pos":{"x":450,"y":0,"z":-300},"angle":{"a":0,"b":0,"g":0}},{"identifier":8,"name":"system/marker","pos":{"x":450,"y":0,"z":0},"angle":{"a":0,"b":0,"g":0}},{"identifier":9,"name":"system/marker","pos":{"x":450,"y":0,"z":300},"angle":{"a":0,"b":0,"g":0}},{"identifier":10,"name":"system/marker","pos":{"x":450,"y":0,"z":600},"angle":{"a":0,"b":0,"g":0}},{"identifier":11,"name":"system/marker","pos":{"x":750,"y":0,"z":-600},"angle":{"a":0,"b":0,"g":0}},{"identifier":12,"name":"system/marker","pos":{"x":750,"y":0,"z":-300},"angle":{"a":0,"b":0,"g":0}},{"identifier":13,"name":"system/marker","pos":{"x":750,"y":0,"z":0},"angle":{"a":0,"b":0,"g":0}},{"identifier":14,"name":"system/marker","pos":{"x":750,"y":0,"z":300},"angle":{"a":0,"b":0,"g":0}},{"identifier":15,"name":"system/marker","pos":{"x":750,"y":0,"z":600},"angle":{"a":0,"b":0,"g":0}},{"identifier":16,"name":"system/marker","pos":{"x":1050,"y":0,"z":-600},"angle":{"a":0,"b":0,"g":0}},{"identifier":17,"name":"system/marker","pos":{"x":1050,"y":0,"z":-300},"angle":{"a":0,"b":0,"g":0}},{"identifier":18,"name":"system/marker","pos":{"x":1050,"y":0,"z":0},"angle":{"a":0,"b":0,"g":0}},{"identifier":19,"name":"system/marker","pos":{"x":1050,"y":0,"z":300},"angle":{"a":0,"b":0,"g":0}},{"identifier":20,"name":"system/marker","pos":{"x":1050,"y":0,"z":600},"angle":{"a":0,"b":0,"g":0}},{"identifier":21,"name":"system/marker","pos":{"x":1350,"y":0,"z":-600},"angle":{"a":0,"b":0,"g":0}},{"identifier":22,"name":"system/marker","pos":{"x":1350,"y":0,"z":-300},"angle":{"a":0,"b":0,"g":0}},{"identifier":23,"name":"system/marker","pos":{"x":1350,"y":0,"z":0},"angle":{"a":0,"b":0,"g":0}},{"identifier":24,"name":"system/marker","pos":{"x":1350,"y":0,"z":300},"angle":{"a":0,"b":0,"g":0}},{"identifier":25,"name":"system/marker","pos":{"x":1350,"y":0,"z":600},"angle":{"a":0,"b":0,"g":0}},{"identifier":26,"name":"system/marker","pos":{"x":1650,"y":0,"z":-600},"angle":{"a":0,"b":0,"g":0}},{"identifier":27,"name":"system/marker","pos":{"x":1650,"y":0,"z":-300},"angle":{"a":0,"b":0,"g":0}},{"identifier":28,"name":"system/marker","pos":{"x":1650,"y":0,"z":0},"angle":{"a":0,"b":0,"g":0}},{"identifier":29,"name":"system/marker","pos":{"x":1650,"y":0,"z":300},"angle":{"a":0,"b":0,"g":0}},{"identifier":30,"name":"system/marker","pos":{"x":1650,"y":0,"z":600},"angle":{"a":0,"b":0,"g":0}},{"identifier":31,"name":"system/marker","pos":{"x":1950,"y":0,"z":-600},"angle":{"a":0,"b":0,"g":0}},{"identifier":32,"name":"system/marker","pos":{"x":1950,"y":0,"z":-300},"angle":{"a":0,"b":0,"g":0}},{"identifier":33,"name":"system/marker","pos":{"x":1950,"y":0,"z":0},"angle":{"a":0,"b":0,"g":0}},{"identifier":34,"name":"system/marker","pos":{"x":1950,"y":0,"z":300},"angle":{"a":0,"b":0,"g":0}},{"identifier":35,"name":"system/marker","pos":{"x":1950,"y":0,"z":600},"angle":{"a":0,"b":0,"g":0}},{"identifier":36,"name":"system/marker","pos":{"x":2250,"y":0,"z":-600},"angle":{"a":0,"b":0,"g":0}},{"identifier":37,"name":"system/marker","pos":{"x":2250,"y":0,"z":-300},"angle":{"a":0,"b":0,"g":0}},{"identifier":38,"name":"system/marker","pos":{"x":2250,"y":0,"z":0},"angle":{"a":0,"b":0,"g":0}},{"identifier":39,"name":"system/marker","pos":{"x":2250,"y":0,"z":300},"angle":{"a":0,"b":0,"g":0}},{"identifier":40,"name":"system/marker","pos":{"x":2250,"y":0,"z":600},"angle":{"a":0,"b":0,"g":0}},{"identifier":41,"name":"system/marker","pos":{"x":2550,"y":0,"z":-600},"angle":{"a":0,"b":0,"g":0}},{"identifier":42,"name":"system/marker","pos":{"x":2550,"y":0,"z":-300},"angle":{"a":0,"b":0,"g":0}},{"identifier":43,"name":"system/marker","pos":{"x":2550,"y":0,"z":0},"angle":{"a":0,"b":0,"g":0}},{"identifier":44,"name":"system/marker","pos":{"x":2550,"y":0,"z":300},"angle":{"a":0,"b":0,"g":0}},{"identifier":45,"name":"system/marker","pos":{"x":2550,"y":0,"z":600},"angle":{"a":0,"b":0,"g":0}}]}