{"header":{"lastUser":"Arx Level Generator - version 0.17.0","time":1675118688,"posEdit":{"x":0,"y":-180,"z":0},"angleEdit":{"a":0,"b":-90,"g":0},"numberOfBackgroundPolygons":16444},"scene":{"levelIdx":1},"fogs":[],"paths":[],"zones":[{"name":"ambient_blackthing","height":100,"ambience":"ambient_blackthing","ambienceMaxVolume":100,"points":[{"pos":{"x":180,"y":-47.7401123046875,"z":-550},"type":0,"time":0},{"pos":{"x":100,"y":-47.7401123046875,"z":-550},"type":0,"time":0},{"pos":{"x":100,"y":-47.7401123046875,"z":-630},"type":0,"time":0},{"pos":{"x":180,"y":-47.7401123046875,"z":-630},"type":0,"time":0}]},{"name":"ambient_bunker_akbaa","height":100,"ambience":"ambient_bunker_akbaa","ambienceMaxVolume":100,"points":[{"pos":{"x":180,"y":-45.11992263793945,"z":-250},"type":0,"time":0},{"pos":{"x":100,"y":-45.11992263793945,"z":-250},"type":0,"time":0},{"pos":{"x":100,"y":-45.11992263793945,"z":-330},"type":0,"time":0},{"pos":{"x":180,"y":-45.11992263793945,"z":-330},"type":0,"time":0}]},{"name":"ambient_bunker","height":100,"ambience":"ambient_bunker","ambienceMaxVolume":100,"points":[{"pos":{"x":180,"y":-37.5950927734375,"z":50},"type":0,"time":0},{"pos":{"x":100,"y":-37.5950927734375,"z":50},"type":0,"time":0},{"pos":{"x":100,"y":-37.5950927734375,"z":-30},"type":0,"time":0},{"pos":{"x":180,"y":-37.5950927734375,"z":-30},"type":0,"time":0}]},{"name":"ambient_castle","height":100,"ambience":"ambient_castle","ambienceMaxVolume":100,"points":[{"pos":{"x":180,"y":-52.07763671875,"z":350},"type":0,"time":0},{"pos":{"x":100,"y":-52.07763671875,"z":350},"type":0,"time":0},{"pos":{"x":100,"y":-52.07763671875,"z":270},"type":0,"time":0},{"pos":{"x":180,"y":-52.07763671875,"z":270},"type":0,"time":0}]},{"name":"ambient_cave_a","height":100,"ambience":"ambient_cave_a","ambienceMaxVolume":100,"points":[{"pos":{"x":180,"y":-35.88825607299805,"z":650},"type":0,"time":0},{"pos":{"x":100,"y":-35.88825607299805,"z":650},"type":0,"time":0},{"pos":{"x":100,"y":-35.88825607299805,"z":570},"type":0,"time":0},{"pos":{"x":180,"y":-35.88825607299805,"z":570},"type":0,"time":0}]},{"name":"ambient_cave_b","height":100,"ambience":"ambient_cave_b","ambienceMaxVolume":100,"points":[{"pos":{"x":480,"y":-41.615699768066406,"z":-550},"type":0,"time":0},{"pos":{"x":400,"y":-41.615699768066406,"z":-550},"type":0,"time":0},{"pos":{"x":400,"y":-41.615699768066406,"z":-630},"type":0,"time":0},{"pos":{"x":480,"y":-41.615699768066406,"z":-630},"type":0,"time":0}]},{"name":"ambient_cave_frozen","height":100,"ambience":"ambient_cave_frozen","ambienceMaxVolume":100,"points":[{"pos":{"x":480,"y":-36.92365646362305,"z":-250},"type":0,"time":0},{"pos":{"x":400,"y":-36.92365646362305,"z":-250},"type":0,"time":0},{"pos":{"x":400,"y":-36.92365646362305,"z":-330},"type":0,"time":0},{"pos":{"x":480,"y":-36.92365646362305,"z":-330},"type":0,"time":0}]},{"name":"ambient_cave_greu","height":100,"ambience":"ambient_cave_greu","ambienceMaxVolume":100,"points":[{"pos":{"x":480,"y":-39.95595169067383,"z":50},"type":0,"time":0},{"pos":{"x":400,"y":-39.95595169067383,"z":50},"type":0,"time":0},{"pos":{"x":400,"y":-39.95595169067383,"z":-30},"type":0,"time":0},{"pos":{"x":480,"y":-39.95595169067383,"z":-30},"type":0,"time":0}]},{"name":"ambient_cave_lava","height":100,"ambience":"ambient_cave_lava","ambienceMaxVolume":100,"points":[{"pos":{"x":480,"y":-43.533817291259766,"z":350},"type":0,"time":0},{"pos":{"x":400,"y":-43.533817291259766,"z":350},"type":0,"time":0},{"pos":{"x":400,"y":-43.533817291259766,"z":270},"type":0,"time":0},{"pos":{"x":480,"y":-43.533817291259766,"z":270},"type":0,"time":0}]},{"name":"ambient_cave_worm","height":100,"ambience":"ambient_cave_worm","ambienceMaxVolume":100,"points":[{"pos":{"x":480,"y":-38.275569915771484,"z":650},"type":0,"time":0},{"pos":{"x":400,"y":-38.275569915771484,"z":650},"type":0,"time":0},{"pos":{"x":400,"y":-38.275569915771484,"z":570},"type":0,"time":0},{"pos":{"x":480,"y":-38.275569915771484,"z":570},"type":0,"time":0}]},{"name":"ambient_credits","height":100,"ambience":"ambient_credits","ambienceMaxVolume":100,"points":[{"pos":{"x":780,"y":-48.58660888671875,"z":-550},"type":0,"time":0},{"pos":{"x":700,"y":-48.58660888671875,"z":-550},"type":0,"time":0},{"pos":{"x":700,"y":-48.58660888671875,"z":-630},"type":0,"time":0},{"pos":{"x":780,"y":-48.58660888671875,"z":-630},"type":0,"time":0}]},{"name":"ambient_crypt_a","height":100,"ambience":"ambient_crypt_a","ambienceMaxVolume":100,"points":[{"pos":{"x":780,"y":-52.25332260131836,"z":-250},"type":0,"time":0},{"pos":{"x":700,"y":-52.25332260131836,"z":-250},"type":0,"time":0},{"pos":{"x":700,"y":-52.25332260131836,"z":-330},"type":0,"time":0},{"pos":{"x":780,"y":-52.25332260131836,"z":-330},"type":0,"time":0}]},{"name":"ambient_crypt_b","height":100,"ambience":"ambient_crypt_b","ambienceMaxVolume":100,"points":[{"pos":{"x":780,"y":-39.9974365234375,"z":50},"type":0,"time":0},{"pos":{"x":700,"y":-39.9974365234375,"z":50},"type":0,"time":0},{"pos":{"x":700,"y":-39.9974365234375,"z":-30},"type":0,"time":0},{"pos":{"x":780,"y":-39.9974365234375,"z":-30},"type":0,"time":0}]},{"name":"ambient_crypt_c","height":100,"ambience":"ambient_crypt_c","ambienceMaxVolume":100,"points":[{"pos":{"x":780,"y":-42.12971115112305,"z":350},"type":0,"time":0},{"pos":{"x":700,"y":-42.12971115112305,"z":350},"type":0,"time":0},{"pos":{"x":700,"y":-42.12971115112305,"z":270},"type":0,"time":0},{"pos":{"x":780,"y":-42.12971115112305,"z":270},"type":0,"time":0}]},{"name":"ambient_crypt_d","height":100,"ambience":"ambient_crypt_d","ambienceMaxVolume":100,"points":[{"pos":{"x":780,"y":-35.7491340637207,"z":650},"type":0,"time":0},{"pos":{"x":700,"y":-35.7491340637207,"z":650},"type":0,"time":0},{"pos":{"x":700,"y":-35.7491340637207,"z":570},"type":0,"time":0},{"pos":{"x":780,"y":-35.7491340637207,"z":570},"type":0,"time":0}]},{"name":"ambient_crypt_e","height":100,"ambience":"ambient_crypt_e","ambienceMaxVolume":100,"points":[{"pos":{"x":1080,"y":-53.755409240722656,"z":-550},"type":0,"time":0},{"pos":{"x":1000,"y":-53.755409240722656,"z":-550},"type":0,"time":0},{"pos":{"x":1000,"y":-53.755409240722656,"z":-630},"type":0,"time":0},{"pos":{"x":1080,"y":-53.755409240722656,"z":-630},"type":0,"time":0}]},{"name":"ambient_crypt_f","height":100,"ambience":"ambient_crypt_f","ambienceMaxVolume":100,"points":[{"pos":{"x":1080,"y":-44.5272216796875,"z":-250},"type":0,"time":0},{"pos":{"x":1000,"y":-44.5272216796875,"z":-250},"type":0,"time":0},{"pos":{"x":1000,"y":-44.5272216796875,"z":-330},"type":0,"time":0},{"pos":{"x":1080,"y":-44.5272216796875,"z":-330},"type":0,"time":0}]},{"name":"ambient_crypt_lich","height":100,"ambience":"ambient_crypt_lich","ambienceMaxVolume":100,"points":[{"pos":{"x":1080,"y":-46.07883071899414,"z":50},"type":0,"time":0},{"pos":{"x":1000,"y":-46.07883071899414,"z":50},"type":0,"time":0},{"pos":{"x":1000,"y":-46.07883071899414,"z":-30},"type":0,"time":0},{"pos":{"x":1080,"y":-46.07883071899414,"z":-30},"type":0,"time":0}]},{"name":"ambient_dramatic","height":100,"ambience":"ambient_dramatic","ambienceMaxVolume":100,"points":[{"pos":{"x":1080,"y":-53.732330322265625,"z":350},"type":0,"time":0},{"pos":{"x":1000,"y":-53.732330322265625,"z":350},"type":0,"time":0},{"pos":{"x":1000,"y":-53.732330322265625,"z":270},"type":0,"time":0},{"pos":{"x":1080,"y":-53.732330322265625,"z":270},"type":0,"time":0}]},{"name":"ambient_dwarf","height":100,"ambience":"ambient_dwarf","ambienceMaxVolume":100,"points":[{"pos":{"x":1080,"y":-53.0130729675293,"z":650},"type":0,"time":0},{"pos":{"x":1000,"y":-53.0130729675293,"z":650},"type":0,"time":0},{"pos":{"x":1000,"y":-53.0130729675293,"z":570},"type":0,"time":0},{"pos":{"x":1080,"y":-53.0130729675293,"z":570},"type":0,"time":0}]},{"name":"ambient_fight","height":100,"ambience":"ambient_fight","ambienceMaxVolume":100,"points":[{"pos":{"x":1380,"y":-37.57587432861328,"z":-550},"type":0,"time":0},{"pos":{"x":1300,"y":-37.57587432861328,"z":-550},"type":0,"time":0},{"pos":{"x":1300,"y":-37.57587432861328,"z":-630},"type":0,"time":0},{"pos":{"x":1380,"y":-37.57587432861328,"z":-630},"type":0,"time":0}]},{"name":"ambient_fight_music","height":100,"ambience":"ambient_fight_music","ambienceMaxVolume":100,"points":[{"pos":{"x":1380,"y":-35.28622055053711,"z":-250},"type":0,"time":0},{"pos":{"x":1300,"y":-35.28622055053711,"z":-250},"type":0,"time":0},{"pos":{"x":1300,"y":-35.28622055053711,"z":-330},"type":0,"time":0},{"pos":{"x":1380,"y":-35.28622055053711,"z":-330},"type":0,"time":0}]},{"name":"ambient_gob_castle","height":100,"ambience":"ambient_gob_castle","ambienceMaxVolume":100,"points":[{"pos":{"x":1380,"y":-42.84252166748047,"z":50},"type":0,"time":0},{"pos":{"x":1300,"y":-42.84252166748047,"z":50},"type":0,"time":0},{"pos":{"x":1300,"y":-42.84252166748047,"z":-30},"type":0,"time":0},{"pos":{"x":1380,"y":-42.84252166748047,"z":-30},"type":0,"time":0}]},{"name":"ambient_gob_intro","height":100,"ambience":"ambient_gob_intro","ambienceMaxVolume":100,"points":[{"pos":{"x":1380,"y":-41.027103424072266,"z":350},"type":0,"time":0},{"pos":{"x":1300,"y":-41.027103424072266,"z":350},"type":0,"time":0},{"pos":{"x":1300,"y":-41.027103424072266,"z":270},"type":0,"time":0},{"pos":{"x":1380,"y":-41.027103424072266,"z":270},"type":0,"time":0}]},{"name":"ambient_gob_jail_main","height":100,"ambience":"ambient_gob_jail_main","ambienceMaxVolume":100,"points":[{"pos":{"x":1380,"y":-40.743812561035156,"z":650},"type":0,"time":0},{"pos":{"x":1300,"y":-40.743812561035156,"z":650},"type":0,"time":0},{"pos":{"x":1300,"y":-40.743812561035156,"z":570},"type":0,"time":0},{"pos":{"x":1380,"y":-40.743812561035156,"z":570},"type":0,"time":0}]},{"name":"ambient_gob_jail_stress","height":100,"ambience":"ambient_gob_jail_stress","ambienceMaxVolume":100,"points":[{"pos":{"x":1680,"y":-35.80325698852539,"z":-550},"type":0,"time":0},{"pos":{"x":1600,"y":-35.80325698852539,"z":-550},"type":0,"time":0},{"pos":{"x":1600,"y":-35.80325698852539,"z":-630},"type":0,"time":0},{"pos":{"x":1680,"y":-35.80325698852539,"z":-630},"type":0,"time":0}]},{"name":"ambient_gob_ruin","height":100,"ambience":"ambient_gob_ruin","ambienceMaxVolume":100,"points":[{"pos":{"x":1680,"y":-50.74977111816406,"z":-250},"type":0,"time":0},{"pos":{"x":1600,"y":-50.74977111816406,"z":-250},"type":0,"time":0},{"pos":{"x":1600,"y":-50.74977111816406,"z":-330},"type":0,"time":0},{"pos":{"x":1680,"y":-50.74977111816406,"z":-330},"type":0,"time":0}]},{"name":"Ambient_important_place","height":100,"ambience":"Ambient_important_place","ambienceMaxVolume":100,"points":[{"pos":{"x":1680,"y":-54.020668029785156,"z":50},"type":0,"time":0},{"pos":{"x":1600,"y":-54.020668029785156,"z":50},"type":0,"time":0},{"pos":{"x":1600,"y":-54.020668029785156,"z":-30},"type":0,"time":0},{"pos":{"x":1680,"y":-54.020668029785156,"z":-30},"type":0,"time":0}]},{"name":"ambient_intro_a","height":100,"ambience":"ambient_intro_a","ambienceMaxVolume":100,"points":[{"pos":{"x":1680,"y":-39.742515563964844,"z":350},"type":0,"time":0},{"pos":{"x":1600,"y":-39.742515563964844,"z":350},"type":0,"time":0},{"pos":{"x":1600,"y":-39.742515563964844,"z":270},"type":0,"time":0},{"pos":{"x":1680,"y":-39.742515563964844,"z":270},"type":0,"time":0}]},{"name":"ambient_intro","height":100,"ambience":"ambient_intro","ambienceMaxVolume":100,"points":[{"pos":{"x":1680,"y":-45.607173919677734,"z":650},"type":0,"time":0},{"pos":{"x":1600,"y":-45.607173919677734,"z":650},"type":0,"time":0},{"pos":{"x":1600,"y":-45.607173919677734,"z":570},"type":0,"time":0},{"pos":{"x":1680,"y":-45.607173919677734,"z":570},"type":0,"time":0}]},{"name":"ambient_intro_b","height":100,"ambience":"ambient_intro_b","ambienceMaxVolume":100,"points":[{"pos":{"x":1980,"y":-35.1489143371582,"z":-550},"type":0,"time":0},{"pos":{"x":1900,"y":-35.1489143371582,"z":-550},"type":0,"time":0},{"pos":{"x":1900,"y":-35.1489143371582,"z":-630},"type":0,"time":0},{"pos":{"x":1980,"y":-35.1489143371582,"z":-630},"type":0,"time":0}]},{"name":"ambient_menu","height":100,"ambience":"ambient_menu","ambienceMaxVolume":100,"points":[{"pos":{"x":1980,"y":-48.90095901489258,"z":-250},"type":0,"time":0},{"pos":{"x":1900,"y":-48.90095901489258,"z":-250},"type":0,"time":0},{"pos":{"x":1900,"y":-48.90095901489258,"z":-330},"type":0,"time":0},{"pos":{"x":1980,"y":-48.90095901489258,"z":-330},"type":0,"time":0}]},{"name":"ambient_noden","height":100,"ambience":"ambient_noden","ambienceMaxVolume":100,"points":[{"pos":{"x":1980,"y":-35.16343307495117,"z":50},"type":0,"time":0},{"pos":{"x":1900,"y":-35.16343307495117,"z":50},"type":0,"time":0},{"pos":{"x":1900,"y":-35.16343307495117,"z":-30},"type":0,"time":0},{"pos":{"x":1980,"y":-35.16343307495117,"z":-30},"type":0,"time":0}]},{"name":"ambient_outpost","height":100,"ambience":"ambient_outpost","ambienceMaxVolume":100,"points":[{"pos":{"x":1980,"y":-43.23000717163086,"z":350},"type":0,"time":0},{"pos":{"x":1900,"y":-43.23000717163086,"z":350},"type":0,"time":0},{"pos":{"x":1900,"y":-43.23000717163086,"z":270},"type":0,"time":0},{"pos":{"x":1980,"y":-43.23000717163086,"z":270},"type":0,"time":0}]},{"name":"ambient_rebels_cool","height":100,"ambience":"ambient_rebels_cool","ambienceMaxVolume":100,"points":[{"pos":{"x":1980,"y":-46.078670501708984,"z":650},"type":0,"time":0},{"pos":{"x":1900,"y":-46.078670501708984,"z":650},"type":0,"time":0},{"pos":{"x":1900,"y":-46.078670501708984,"z":570},"type":0,"time":0},{"pos":{"x":1980,"y":-46.078670501708984,"z":570},"type":0,"time":0}]},{"name":"ambient_rebels_intense","height":100,"ambience":"ambient_rebels_intense","ambienceMaxVolume":100,"points":[{"pos":{"x":2280,"y":-35.1839485168457,"z":-550},"type":0,"time":0},{"pos":{"x":2200,"y":-35.1839485168457,"z":-550},"type":0,"time":0},{"pos":{"x":2200,"y":-35.1839485168457,"z":-630},"type":0,"time":0},{"pos":{"x":2280,"y":-35.1839485168457,"z":-630},"type":0,"time":0}]},{"name":"ambient_snake_castle","height":100,"ambience":"ambient_snake_castle","ambienceMaxVolume":100,"points":[{"pos":{"x":2280,"y":-38.847511291503906,"z":-250},"type":0,"time":0},{"pos":{"x":2200,"y":-38.847511291503906,"z":-250},"type":0,"time":0},{"pos":{"x":2200,"y":-38.847511291503906,"z":-330},"type":0,"time":0},{"pos":{"x":2280,"y":-38.847511291503906,"z":-330},"type":0,"time":0}]},{"name":"ambient_snake_illusion","height":100,"ambience":"ambient_snake_illusion","ambienceMaxVolume":100,"points":[{"pos":{"x":2280,"y":-50.71178436279297,"z":50},"type":0,"time":0},{"pos":{"x":2200,"y":-50.71178436279297,"z":50},"type":0,"time":0},{"pos":{"x":2200,"y":-50.71178436279297,"z":-30},"type":0,"time":0},{"pos":{"x":2280,"y":-50.71178436279297,"z":-30},"type":0,"time":0}]},{"name":"ambient_tavern","height":100,"ambience":"ambient_tavern","ambienceMaxVolume":100,"points":[{"pos":{"x":2280,"y":-53.01869201660156,"z":350},"type":0,"time":0},{"pos":{"x":2200,"y":-53.01869201660156,"z":350},"type":0,"time":0},{"pos":{"x":2200,"y":-53.01869201660156,"z":270},"type":0,"time":0},{"pos":{"x":2280,"y":-53.01869201660156,"z":270},"type":0,"time":0}]},{"name":"ambient_temple_akbaa","height":100,"ambience":"ambient_temple_akbaa","ambienceMaxVolume":100,"points":[{"pos":{"x":2280,"y":-35.47874450683594,"z":650},"type":0,"time":0},{"pos":{"x":2200,"y":-35.47874450683594,"z":650},"type":0,"time":0},{"pos":{"x":2200,"y":-35.47874450683594,"z":570},"type":0,"time":0},{"pos":{"x":2280,"y":-35.47874450683594,"z":570},"type":0,"time":0}]},{"name":"ambient_temple_akbaa_up","height":100,"ambience":"ambient_temple_akbaa_up","ambienceMaxVolume":100,"points":[{"pos":{"x":2580,"y":-46.642677307128906,"z":-550},"type":0,"time":0},{"pos":{"x":2500,"y":-46.642677307128906,"z":-550},"type":0,"time":0},{"pos":{"x":2500,"y":-46.642677307128906,"z":-630},"type":0,"time":0},{"pos":{"x":2580,"y":-46.642677307128906,"z":-630},"type":0,"time":0}]},{"name":"ambient_town","height":100,"ambience":"ambient_town","ambienceMaxVolume":100,"points":[{"pos":{"x":2580,"y":-35.556129455566406,"z":-250},"type":0,"time":0},{"pos":{"x":2500,"y":-35.556129455566406,"z":-250},"type":0,"time":0},{"pos":{"x":2500,"y":-35.556129455566406,"z":-330},"type":0,"time":0},{"pos":{"x":2580,"y":-35.556129455566406,"z":-330},"type":0,"time":0}]},{"name":"ambient_troll","height":100,"ambience":"ambient_troll","ambienceMaxVolume":100,"points":[{"pos":{"x":2580,"y":-46.533878326416016,"z":50},"type":0,"time":0},{"pos":{"x":2500,"y":-46.533878326416016,"z":50},"type":0,"time":0},{"pos":{"x":2500,"y":-46.533878326416016,"z":-30},"type":0,"time":0},{"pos":{"x":2580,"y":-46.533878326416016,"z":-30},"type":0,"time":0}]},{"name":"reverb_test","height":100,"ambience":"reverb_test","ambienceMaxVolume":100,"points":[{"pos":{"x":2580,"y":-48.15025329589844,"z":350},"type":0,"time":0},{"pos":{"x":2500,"y":-48.15025329589844,"z":350},"type":0,"time":0},{"pos":{"x":2500,"y":-48.15025329589844,"z":270},"type":0,"time":0},{"pos":{"x":2580,"y":-48.15025329589844,"z":270},"type":0,"time":0}]},{"name":"stress","height":100,"ambience":"stress","ambienceMaxVolume":100,"points":[{"pos":{"x":2580,"y":-51.854400634765625,"z":650},"type":0,"time":0},{"pos":{"x":2500,"y":-51.854400634765625,"z":650},"type":0,"time":0},{"pos":{"x":2500,"y":-51.854400634765625,"z":570},"type":0,"time":0},{"pos":{"x":2580,"y":-51.854400634765625,"z":570},"type":0,"time":0}]},{"name":"none","backgroundColor":{"r":68,"g":68,"b":68,"a":1},"height":10,"ambience":"none","ambienceMaxVolume":100,"points":[{"pos":{"x":2900,"y":-20,"z":850},"type":0,"time":0},{"pos":{"x":-200,"y":-20,"z":850},"type":0,"time":0},{"pos":{"x":-200,"y":-20,"z":-850},"type":0,"time":0},{"pos":{"x":2900,"y":-20,"z":-850},"type":0,"time":0}]}],"interactiveObjects":[{"identifier":1,"name":"system/marker","pos":{"x":150,"y":10,"z":-600},"angle":{"a":0,"b":0,"g":0}},{"identifier":2,"name":"system/marker","pos":{"x":150,"y":10,"z":-300},"angle":{"a":0,"b":0,"g":0}},{"identifier":3,"name":"system/marker","pos":{"x":150,"y":10,"z":0},"angle":{"a":0,"b":0,"g":0}},{"identifier":4,"name":"system/marker","pos":{"x":150,"y":10,"z":300},"angle":{"a":0,"b":0,"g":0}},{"identifier":5,"name":"system/marker","pos":{"x":150,"y":10,"z":600},"angle":{"a":0,"b":0,"g":0}},{"identifier":6,"name":"system/marker","pos":{"x":450,"y":10,"z":-600},"angle":{"a":0,"b":0,"g":0}},{"identifier":7,"name":"system/marker","pos":{"x":450,"y":10,"z":-300},"angle":{"a":0,"b":0,"g":0}},{"identifier":8,"name":"system/marker","pos":{"x":450,"y":10,"z":0},"angle":{"a":0,"b":0,"g":0}},{"identifier":9,"name":"system/marker","pos":{"x":450,"y":10,"z":300},"angle":{"a":0,"b":0,"g":0}},{"identifier":10,"name":"system/marker","pos":{"x":450,"y":10,"z":600},"angle":{"a":0,"b":0,"g":0}},{"identifier":11,"name":"system/marker","pos":{"x":750,"y":10,"z":-600},"angle":{"a":0,"b":0,"g":0}},{"identifier":12,"name":"system/marker","pos":{"x":750,"y":10,"z":-300},"angle":{"a":0,"b":0,"g":0}},{"identifier":13,"name":"system/marker","pos":{"x":750,"y":10,"z":0},"angle":{"a":0,"b":0,"g":0}},{"identifier":14,"name":"system/marker","pos":{"x":750,"y":10,"z":300},"angle":{"a":0,"b":0,"g":0}},{"identifier":15,"name":"system/marker","pos":{"x":750,"y":10,"z":600},"angle":{"a":0,"b":0,"g":0}},{"identifier":16,"name":"system/marker","pos":{"x":1050,"y":10,"z":-600},"angle":{"a":0,"b":0,"g":0}},{"identifier":17,"name":"system/marker","pos":{"x":1050,"y":10,"z":-300},"angle":{"a":0,"b":0,"g":0}},{"identifier":18,"name":"system/marker","pos":{"x":1050,"y":10,"z":0},"angle":{"a":0,"b":0,"g":0}},{"identifier":19,"name":"system/marker","pos":{"x":1050,"y":10,"z":300},"angle":{"a":0,"b":0,"g":0}},{"identifier":20,"name":"system/marker","pos":{"x":1050,"y":10,"z":600},"angle":{"a":0,"b":0,"g":0}},{"identifier":21,"name":"system/marker","pos":{"x":1350,"y":10,"z":-600},"angle":{"a":0,"b":0,"g":0}},{"identifier":22,"name":"system/marker","pos":{"x":1350,"y":10,"z":-300},"angle":{"a":0,"b":0,"g":0}},{"identifier":23,"name":"system/marker","pos":{"x":1350,"y":10,"z":0},"angle":{"a":0,"b":0,"g":0}},{"identifier":24,"name":"system/marker","pos":{"x":1350,"y":10,"z":300},"angle":{"a":0,"b":0,"g":0}},{"identifier":25,"name":"system/marker","pos":{"x":1350,"y":10,"z":600},"angle":{"a":0,"b":0,"g":0}},{"identifier":26,"name":"system/marker","pos":{"x":1650,"y":10,"z":-600},"angle":{"a":0,"b":0,"g":0}},{"identifier":27,"name":"system/marker","pos":{"x":1650,"y":10,"z":-300},"angle":{"a":0,"b":0,"g":0}},{"identifier":28,"name":"system/marker","pos":{"x":1650,"y":10,"z":0},"angle":{"a":0,"b":0,"g":0}},{"identifier":29,"name":"system/marker","pos":{"x":1650,"y":10,"z":300},"angle":{"a":0,"b":0,"g":0}},{"identifier":30,"name":"system/marker","pos":{"x":1650,"y":10,"z":600},"angle":{"a":0,"b":0,"g":0}},{"identifier":31,"name":"system/marker","pos":{"x":1950,"y":10,"z":-600},"angle":{"a":0,"b":0,"g":0}},{"identifier":32,"name":"system/marker","pos":{"x":1950,"y":10,"z":-300},"angle":{"a":0,"b":0,"g":0}},{"identifier":33,"name":"system/marker","pos":{"x":1950,"y":10,"z":0},"angle":{"a":0,"b":0,"g":0}},{"identifier":34,"name":"system/marker","pos":{"x":1950,"y":10,"z":300},"angle":{"a":0,"b":0,"g":0}},{"identifier":35,"name":"system/marker","pos":{"x":1950,"y":10,"z":600},"angle":{"a":0,"b":0,"g":0}},{"identifier":36,"name":"system/marker","pos":{"x":2250,"y":10,"z":-600},"angle":{"a":0,"b":0,"g":0}},{"identifier":37,"name":"system/marker","pos":{"x":2250,"y":10,"z":-300},"angle":{"a":0,"b":0,"g":0}},{"identifier":38,"name":"system/marker","pos":{"x":2250,"y":10,"z":0},"angle":{"a":0,"b":0,"g":0}},{"identifier":39,"name":"system/marker","pos":{"x":2250,"y":10,"z":300},"angle":{"a":0,"b":0,"g":0}},{"identifier":40,"name":"system/marker","pos":{"x":2250,"y":10,"z":600},"angle":{"a":0,"b":0,"g":0}},{"identifier":41,"name":"system/marker","pos":{"x":2550,"y":10,"z":-600},"angle":{"a":0,"b":0,"g":0}},{"identifier":42,"name":"system/marker","pos":{"x":2550,"y":10,"z":-300},"angle":{"a":0,"b":0,"g":0}},{"identifier":43,"name":"system/marker","pos":{"x":2550,"y":10,"z":0},"angle":{"a":0,"b":0,"g":0}},{"identifier":44,"name":"system/marker","pos":{"x":2550,"y":10,"z":300},"angle":{"a":0,"b":0,"g":0}},{"identifier":45,"name":"system/marker","pos":{"x":2550,"y":10,"z":600},"angle":{"a":0,"b":0,"g":0}}]}