{"header":{"lastUser":"Arx Level Generator - version unknown","time":1681069391,"numberOfBackgroundPolygons":220},"colors":[{"r":127,"g":127,"b":127,"a":1},{"r":127,"g":127,"b":127,"a":1},{"r":127,"g":127,"b":127,"a":1},{"r":127,"g":127,"b":127,"a":1},{"r":127,"g":127,"b":127,"a":1},{"r":127,"g":127,"b":127,"a":1},{"r":127,"g":127,"b":127,"a":1},{"r":127,"g":127,"b":127,"a":1},{"r":127,"g":127,"b":127,"a":1},{"r":127,"g":127,"b":127,"a":1},{"r":127,"g":127,"b":127,"a":1},{"r":127,"g":127,"b":127,"a":1},{"r":127,"g":127,"b":127,"a":1},{"r":127,"g":127,"b":127,"a":1},{"r":127,"g":127,"b":127,"a":1},{"r":127,"g":127,"b":127,"a":1},{"r":127,"g":127,"b":127,"a":1},{"r":127,"g":127,"b":127,"a":1},{"r":127,"g":127,"b":127,"a":1},{"r":127,"g":127,"b":127,"a":1},{"r":127,"g":127,"b":127,"a":1},{"r":127,"g":127,"b":127,"a":1},{"r":127,"g":127,"b":127,"a":1},{"r":127,"g":127,"b":127,"a":1},{"r":127,"g":127,"b":127,"a":1},{"r":127,"g":127,"b":127,"a":1},{"r":127,"g":127,"b":127,"a":1},{"r":127,"g":127,"b":127,"a":1},{"r":127,"g":127,"b":127,"a":1},{"r":127,"g":127,"b":127,"a":1},{"r":127,"g":127,"b":127,"a":1},{"r":127,"g":127,"b":127,"a":1},{"r":127,"g":127,"b":127,"a":1},{"r":127,"g":127,"b":127,"a":1},{"r":127,"g":127,"b":127,"a":1},{"r":127,"g":127,"b":127,"a":1},{"r":127,"g":127,"b":127,"a":1},{"r":127,"g":127,"b":127,"a":1},{"r":127,"g":127,"b":127,"a":1},{"r":127,"g":127,"b":127,"a":1},{"r":127,"g":127,"b":127,"a":1},{"r":127,"g":127,"b":127,"a":1},{"r":127,"g":127,"b":127,"a":1},{"r":127,"g":127,"b":127,"a":1},{"r":127,"g":127,"b":127,"a":1},{"r":127,"g":127,"b":127,"a":1},{"r":127,"g":127,"b":127,"a":1},{"r":127,"g":127,"b":127,"a":1},{"r":127,"g":127,"b":127,"a":1},{"r":127,"g":127,"b":127,"a":1},{"r":127,"g":127,"b":127,"a":1},{"r":127,"g":127,"b":127,"a":1},{"r":127,"g":127,"b":127,"a":1},{"r":127,"g":127,"b":127,"a":1},{"r":127,"g":127,"b":127,"a":1},{"r":127,"g":127,"b":127,"a":1},{"r":127,"g":127,"b":127,"a":1},{"r":127,"g":127,"b":127,"a":1},{"r":127,"g":127,"b":127,"a":1},{"r":127,"g":127,"b":127,"a":1},{"r":127,"g":127,"b":127,"a":1},{"r":127,"g":127,"b":127,"a":1},{"r":127,"g":127,"b":127,"a":1},{"r":127,"g":127,"b":127,"a":1},{"r":127,"g":127,"b":127,"a":1},{"r":127,"g":127,"b":127,"a":1},{"r":127,"g":127,"b":127,"a":1},{"r":127,"g":127,"b":127,"a":1},{"r":127,"g":127,"b":127,"a":1},{"r":127,"g":127,"b":127,"a":1},{"r":127,"g":127,"b":127,"a":1},{"r":127,"g":127,"b":127,"a":1},{"r":127,"g":127,"b":127,"a":1},{"r":127,"g":127,"b":127,"a":1},{"r":127,"g":127,"b":127,"a":1},{"r":127,"g":127,"b":127,"a":1},{"r":127,"g":127,"b":127,"a":1},{"r":127,"g":127,"b":127,"a":1},{"r":127,"g":127,"b":127,"a":1},{"r":127,"g":127,"b":127,"a":1},{"r":127,"g":127,"b":127,"a":1},{"r":127,"g":127,"b":127,"a":1},{"r":127,"g":127,"b":127,"a":1},{"r":127,"g":127,"b":127,"a":1},{"r":127,"g":127,"b":127,"a":1},{"r":127,"g":127,"b":127,"a":1},{"r":127,"g":127,"b":127,"a":1},{"r":127,"g":127,"b":127,"a":1},{"r":127,"g":127,"b":127,"a":1},{"r":127,"g":127,"b":127,"a":1},{"r":127,"g":127,"b":127,"a":1},{"r":127,"g":127,"b":127,"a":1},{"r":127,"g":127,"b":127,"a":1},{"r":127,"g":127,"b":127,"a":1},{"r":127,"g":127,"b":127,"a":1},{"r":127,"g":127,"b":127,"a":1},{"r":127,"g":127,"b":127,"a":1},{"r":127,"g":127,"b":127,"a":1},{"r":127,"g":127,"b":127,"a":1},{"r":127,"g":127,"b":127,"a":1},{"r":127,"g":127,"b":127,"a":1},{"r":127,"g":127,"b":127,"a":1},{"r":127,"g":127,"b":127,"a":1},{"r":127,"g":127,"b":127,"a":1},{"r":127,"g":127,"b":127,"a":1},{"r":127,"g":127,"b":127,"a":1},{"r":127,"g":127,"b":127,"a":1},{"r":127,"g":127,"b":127,"a":1},{"r":127,"g":127,"b":127,"a":1},{"r":127,"g":127,"b":127,"a":1},{"r":127,"g":127,"b":127,"a":1},{"r":127,"g":127,"b":127,"a":1},{"r":127,"g":127,"b":127,"a":1},{"r":127,"g":127,"b":127,"a":1},{"r":127,"g":127,"b":127,"a":1},{"r":127,"g":127,"b":127,"a":1},{"r":127,"g":127,"b":127,"a":1},{"r":127,"g":127,"b":127,"a":1},{"r":127,"g":127,"b":127,"a":1},{"r":127,"g":127,"b":127,"a":1},{"r":127,"g":127,"b":127,"a":1},{"r":127,"g":127,"b":127,"a":1},{"r":127,"g":127,"b":127,"a":1},{"r":127,"g":127,"b":127,"a":1},{"r":127,"g":127,"b":127,"a":1},{"r":127,"g":127,"b":127,"a":1},{"r":127,"g":127,"b":127,"a":1},{"r":127,"g":127,"b":127,"a":1},{"r":127,"g":127,"b":127,"a":1},{"r":127,"g":127,"b":127,"a":1},{"r":127,"g":127,"b":127,"a":1},{"r":127,"g":127,"b":127,"a":1},{"r":127,"g":127,"b":127,"a":1},{"r":127,"g":127,"b":127,"a":1},{"r":127,"g":127,"b":127,"a":1},{"r":127,"g":127,"b":127,"a":1},{"r":127,"g":127,"b":127,"a":1},{"r":127,"g":127,"b":127,"a":1},{"r":127,"g":127,"b":127,"a":1},{"r":127,"g":127,"b":127,"a":1},{"r":127,"g":127,"b":127,"a":1},{"r":127,"g":127,"b":127,"a":1},{"r":127,"g":127,"b":127,"a":1},{"r":127,"g":127,"b":127,"a":1},{"r":127,"g":127,"b":127,"a":1},{"r":127,"g":127,"b":127,"a":1},{"r":127,"g":127,"b":127,"a":1},{"r":127,"g":127,"b":127,"a":1},{"r":127,"g":127,"b":127,"a":1},{"r":127,"g":127,"b":127,"a":1},{"r":127,"g":127,"b":127,"a":1},{"r":127,"g":127,"b":127,"a":1},{"r":127,"g":127,"b":127,"a":1},{"r":127,"g":127,"b":127,"a":1},{"r":127,"g":127,"b":127,"a":1},{"r":127,"g":127,"b":127,"a":1},{"r":127,"g":127,"b":127,"a":1},{"r":127,"g":127,"b":127,"a":1},{"r":127,"g":127,"b":127,"a":1},{"r":127,"g":127,"b":127,"a":1},{"r":127,"g":127,"b":127,"a":1},{"r":127,"g":127,"b":127,"a":1},{"r":127,"g":127,"b":127,"a":1},{"r":127,"g":127,"b":127,"a":1},{"r":127,"g":127,"b":127,"a":1},{"r":127,"g":127,"b":127,"a":1},{"r":127,"g":127,"b":127,"a":1},{"r":127,"g":127,"b":127,"a":1},{"r":127,"g":127,"b":127,"a":1},{"r":127,"g":127,"b":127,"a":1},{"r":127,"g":127,"b":127,"a":1},{"r":127,"g":127,"b":127,"a":1},{"r":127,"g":127,"b":127,"a":1},{"r":127,"g":127,"b":127,"a":1},{"r":127,"g":127,"b":127,"a":1},{"r":127,"g":127,"b":127,"a":1},{"r":127,"g":127,"b":127,"a":1},{"r":127,"g":127,"b":127,"a":1},{"r":127,"g":127,"b":127,"a":1},{"r":127,"g":127,"b":127,"a":1},{"r":127,"g":127,"b":127,"a":1},{"r":127,"g":127,"b":127,"a":1},{"r":127,"g":127,"b":127,"a":1},{"r":127,"g":127,"b":127,"a":1},{"r":127,"g":127,"b":127,"a":1},{"r":127,"g":127,"b":127,"a":1},{"r":127,"g":127,"b":127,"a":1},{"r":127,"g":127,"b":127,"a":1},{"r":127,"g":127,"b":127,"a":1},{"r":127,"g":127,"b":127,"a":1},{"r":127,"g":127,"b":127,"a":1},{"r":127,"g":127,"b":127,"a":1},{"r":127,"g":127,"b":127,"a":1},{"r":127,"g":127,"b":127,"a":1},{"r":127,"g":127,"b":127,"a":1},{"r":127,"g":127,"b":127,"a":1},{"r":127,"g":127,"b":127,"a":1},{"r":127,"g":127,"b":127,"a":1},{"r":127,"g":127,"b":127,"a":1},{"r":127,"g":127,"b":127,"a":1},{"r":127,"g":127,"b":127,"a":1},{"r":127,"g":127,"b":127,"a":1},{"r":127,"g":127,"b":127,"a":1},{"r":127,"g":127,"b":127,"a":1},{"r":127,"g":127,"b":127,"a":1},{"r":127,"g":127,"b":127,"a":1},{"r":127,"g":127,"b":127,"a":1},{"r":127,"g":127,"b":127,"a":1},{"r":127,"g":127,"b":127,"a":1},{"r":127,"g":127,"b":127,"a":1},{"r":127,"g":127,"b":127,"a":1},{"r":127,"g":127,"b":127,"a":1},{"r":127,"g":127,"b":127,"a":1},{"r":127,"g":127,"b":127,"a":1},{"r":127,"g":127,"b":127,"a":1},{"r":127,"g":127,"b":127,"a":1},{"r":127,"g":127,"b":127,"a":1},{"r":127,"g":127,"b":127,"a":1},{"r":127,"g":127,"b":127,"a":1},{"r":127,"g":127,"b":127,"a":1},{"r":127,"g":127,"b":127,"a":1},{"r":127,"g":127,"b":127,"a":1},{"r":127,"g":127,"b":127,"a":1},{"r":127,"g":127,"b":127,"a":1},{"r":127,"g":127,"b":127,"a":1},{"r":127,"g":127,"b":127,"a":1},{"r":127,"g":127,"b":127,"a":1},{"r":127,"g":127,"b":127,"a":1},{"r":127,"g":127,"b":127,"a":1},{"r":127,"g":127,"b":127,"a":1},{"r":127,"g":127,"b":127,"a":1},{"r":127,"g":127,"b":127,"a":1},{"r":127,"g":127,"b":127,"a":1},{"r":127,"g":127,"b":127,"a":1},{"r":127,"g":127,"b":127,"a":1},{"r":127,"g":127,"b":127,"a":1},{"r":127,"g":127,"b":127,"a":1},{"r":127,"g":127,"b":127,"a":1},{"r":127,"g":127,"b":127,"a":1},{"r":127,"g":127,"b":127,"a":1},{"r":127,"g":127,"b":127,"a":1},{"r":127,"g":127,"b":127,"a":1},{"r":127,"g":127,"b":127,"a":1},{"r":127,"g":127,"b":127,"a":1},{"r":127,"g":127,"b":127,"a":1},{"r":127,"g":127,"b":127,"a":1},{"r":127,"g":127,"b":127,"a":1},{"r":127,"g":127,"b":127,"a":1},{"r":127,"g":127,"b":127,"a":1},{"r":127,"g":127,"b":127,"a":1},{"r":127,"g":127,"b":127,"a":1},{"r":127,"g":127,"b":127,"a":1},{"r":127,"g":127,"b":127,"a":1},{"r":127,"g":127,"b":127,"a":1},{"r":127,"g":127,"b":127,"a":1},{"r":127,"g":127,"b":127,"a":1},{"r":127,"g":127,"b":127,"a":1},{"r":127,"g":127,"b":127,"a":1},{"r":127,"g":127,"b":127,"a":1},{"r":127,"g":127,"b":127,"a":1},{"r":127,"g":127,"b":127,"a":1},{"r":127,"g":127,"b":127,"a":1},{"r":127,"g":127,"b":127,"a":1},{"r":127,"g":127,"b":127,"a":1},{"r":127,"g":127,"b":127,"a":1},{"r":127,"g":127,"b":127,"a":1},{"r":127,"g":127,"b":127,"a":1},{"r":127,"g":127,"b":127,"a":1},{"r":127,"g":127,"b":127,"a":1},{"r":127,"g":127,"b":127,"a":1},{"r":127,"g":127,"b":127,"a":1},{"r":127,"g":127,"b":127,"a":1},{"r":127,"g":127,"b":127,"a":1},{"r":127,"g":127,"b":127,"a":1},{"r":127,"g":127,"b":127,"a":1},{"r":127,"g":127,"b":127,"a":1},{"r":127,"g":127,"b":127,"a":1},{"r":127,"g":127,"b":127,"a":1},{"r":127,"g":127,"b":127,"a":1},{"r":127,"g":127,"b":127,"a":1},{"r":127,"g":127,"b":127,"a":1},{"r":127,"g":127,"b":127,"a":1},{"r":127,"g":127,"b":127,"a":1},{"r":127,"g":127,"b":127,"a":1},{"r":127,"g":127,"b":127,"a":1},{"r":127,"g":127,"b":127,"a":1},{"r":127,"g":127,"b":127,"a":1},{"r":127,"g":127,"b":127,"a":1},{"r":127,"g":127,"b":127,"a":1},{"r":127,"g":127,"b":127,"a":1},{"r":127,"g":127,"b":127,"a":1},{"r":127,"g":127,"b":127,"a":1},{"r":127,"g":127,"b":127,"a":1},{"r":127,"g":127,"b":127,"a":1},{"r":127,"g":127,"b":127,"a":1},{"r":127,"g":127,"b":127,"a":1},{"r":127,"g":127,"b":127,"a":1},{"r":127,"g":127,"b":127,"a":1},{"r":127,"g":127,"b":127,"a":1},{"r":127,"g":127,"b":127,"a":1},{"r":127,"g":127,"b":127,"a":1},{"r":127,"g":127,"b":127,"a":1},{"r":127,"g":127,"b":127,"a":1},{"r":127,"g":127,"b":127,"a":1},{"r":127,"g":127,"b":127,"a":1},{"r":127,"g":127,"b":127,"a":1},{"r":127,"g":127,"b":127,"a":1},{"r":127,"g":127,"b":127,"a":1},{"r":127,"g":127,"b":127,"a":1},{"r":127,"g":127,"b":127,"a":1},{"r":127,"g":127,"b":127,"a":1},{"r":127,"g":127,"b":127,"a":1},{"r":127,"g":127,"b":127,"a":1},{"r":127,"g":127,"b":127,"a":1},{"r":127,"g":127,"b":127,"a":1},{"r":127,"g":127,"b":127,"a":1},{"r":127,"g":127,"b":127,"a":1},{"r":127,"g":127,"b":127,"a":1},{"r":127,"g":127,"b":127,"a":1},{"r":127,"g":127,"b":127,"a":1},{"r":127,"g":127,"b":127,"a":1},{"r":127,"g":127,"b":127,"a":1},{"r":127,"g":127,"b":127,"a":1},{"r":127,"g":127,"b":127,"a":1},{"r":127,"g":127,"b":127,"a":1},{"r":127,"g":127,"b":127,"a":1},{"r":127,"g":127,"b":127,"a":1},{"r":127,"g":127,"b":127,"a":1},{"r":127,"g":127,"b":127,"a":1},{"r":127,"g":127,"b":127,"a":1},{"r":127,"g":127,"b":127,"a":1},{"r":127,"g":127,"b":127,"a":1},{"r":127,"g":127,"b":127,"a":1},{"r":127,"g":127,"b":127,"a":1},{"r":127,"g":127,"b":127,"a":1},{"r":127,"g":127,"b":127,"a":1},{"r":127,"g":127,"b":127,"a":1},{"r":127,"g":127,"b":127,"a":1},{"r":127,"g":127,"b":127,"a":1},{"r":127,"g":127,"b":127,"a":1},{"r":127,"g":127,"b":127,"a":1},{"r":127,"g":127,"b":127,"a":1},{"r":127,"g":127,"b":127,"a":1},{"r":127,"g":127,"b":127,"a":1},{"r":127,"g":127,"b":127,"a":1},{"r":127,"g":127,"b":127,"a":1},{"r":127,"g":127,"b":127,"a":1},{"r":127,"g":127,"b":127,"a":1},{"r":127,"g":127,"b":127,"a":1},{"r":127,"g":127,"b":127,"a":1},{"r":127,"g":127,"b":127,"a":1},{"r":127,"g":127,"b":127,"a":1},{"r":127,"g":127,"b":127,"a":1},{"r":127,"g":127,"b":127,"a":1},{"r":127,"g":127,"b":127,"a":1},{"r":127,"g":127,"b":127,"a":1},{"r":127,"g":127,"b":127,"a":1},{"r":127,"g":127,"b":127,"a":1},{"r":127,"g":127,"b":127,"a":1},{"r":127,"g":127,"b":127,"a":1},{"r":127,"g":127,"b":127,"a":1},{"r":127,"g":127,"b":127,"a":1},{"r":127,"g":127,"b":127,"a":1},{"r":127,"g":127,"b":127,"a":1},{"r":127,"g":127,"b":127,"a":1},{"r":127,"g":127,"b":127,"a":1},{"r":127,"g":127,"b":127,"a":1},{"r":127,"g":127,"b":127,"a":1},{"r":127,"g":127,"b":127,"a":1},{"r":127,"g":127,"b":127,"a":1},{"r":127,"g":127,"b":127,"a":1},{"r":127,"g":127,"b":127,"a":1},{"r":127,"g":127,"b":127,"a":1},{"r":127,"g":127,"b":127,"a":1},{"r":127,"g":127,"b":127,"a":1},{"r":127,"g":127,"b":127,"a":1},{"r":127,"g":127,"b":127,"a":1},{"r":127,"g":127,"b":127,"a":1},{"r":127,"g":127,"b":127,"a":1},{"r":127,"g":127,"b":127,"a":1},{"r":127,"g":127,"b":127,"a":1},{"r":127,"g":127,"b":127,"a":1},{"r":127,"g":127,"b":127,"a":1},{"r":127,"g":127,"b":127,"a":1},{"r":127,"g":127,"b":127,"a":1},{"r":127,"g":127,"b":127,"a":1},{"r":127,"g":127,"b":127,"a":1},{"r":127,"g":127,"b":127,"a":1},{"r":127,"g":127,"b":127,"a":1},{"r":127,"g":127,"b":127,"a":1},{"r":127,"g":127,"b":127,"a":1},{"r":127,"g":127,"b":127,"a":1},{"r":127,"g":127,"b":127,"a":1},{"r":127,"g":127,"b":127,"a":1},{"r":127,"g":127,"b":127,"a":1},{"r":127,"g":127,"b":127,"a":1},{"r":127,"g":127,"b":127,"a":1},{"r":127,"g":127,"b":127,"a":1},{"r":127,"g":127,"b":127,"a":1},{"r":127,"g":127,"b":127,"a":1},{"r":127,"g":127,"b":127,"a":1},{"r":127,"g":127,"b":127,"a":1},{"r":127,"g":127,"b":127,"a":1},{"r":127,"g":127,"b":127,"a":1},{"r":127,"g":127,"b":127,"a":1},{"r":127,"g":127,"b":127,"a":1},{"r":127,"g":127,"b":127,"a":1},{"r":127,"g":127,"b":127,"a":1},{"r":127,"g":127,"b":127,"a":1},{"r":127,"g":127,"b":127,"a":1},{"r":127,"g":127,"b":127,"a":1},{"r":127,"g":127,"b":127,"a":1},{"r":127,"g":127,"b":127,"a":1},{"r":127,"g":127,"b":127,"a":1},{"r":127,"g":127,"b":127,"a":1},{"r":127,"g":127,"b":127,"a":1},{"r":127,"g":127,"b":127,"a":1},{"r":127,"g":127,"b":127,"a":1},{"r":127,"g":127,"b":127,"a":1},{"r":127,"g":127,"b":127,"a":1},{"r":127,"g":127,"b":127,"a":1},{"r":127,"g":127,"b":127,"a":1},{"r":127,"g":127,"b":127,"a":1},{"r":127,"g":127,"b":127,"a":1},{"r":127,"g":127,"b":127,"a":1},{"r":127,"g":127,"b":127,"a":1},{"r":127,"g":127,"b":127,"a":1},{"r":127,"g":127,"b":127,"a":1},{"r":127,"g":127,"b":127,"a":1},{"r":127,"g":127,"b":127,"a":1},{"r":127,"g":127,"b":127,"a":1},{"r":127,"g":127,"b":127,"a":1},{"r":127,"g":127,"b":127,"a":1},{"r":127,"g":127,"b":127,"a":1},{"r":127,"g":127,"b":127,"a":1},{"r":127,"g":127,"b":127,"a":1},{"r":127,"g":127,"b":127,"a":1},{"r":127,"g":127,"b":127,"a":1},{"r":127,"g":127,"b":127,"a":1},{"r":127,"g":127,"b":127,"a":1},{"r":127,"g":127,"b":127,"a":1},{"r":127,"g":127,"b":127,"a":1},{"r":127,"g":127,"b":127,"a":1},{"r":127,"g":127,"b":127,"a":1},{"r":127,"g":127,"b":127,"a":1},{"r":127,"g":127,"b":127,"a":1},{"r":127,"g":127,"b":127,"a":1},{"r":127,"g":127,"b":127,"a":1},{"r":127,"g":127,"b":127,"a":1},{"r":127,"g":127,"b":127,"a":1},{"r":127,"g":127,"b":127,"a":1},{"r":127,"g":127,"b":127,"a":1},{"r":127,"g":127,"b":127,"a":1},{"r":127,"g":127,"b":127,"a":1},{"r":127,"g":127,"b":127,"a":1},{"r":127,"g":127,"b":127,"a":1},{"r":127,"g":127,"b":127,"a":1},{"r":127,"g":127,"b":127,"a":1},{"r":127,"g":127,"b":127,"a":1},{"r":127,"g":127,"b":127,"a":1},{"r":127,"g":127,"b":127,"a":1},{"r":127,"g":127,"b":127,"a":1},{"r":127,"g":127,"b":127,"a":1},{"r":127,"g":127,"b":127,"a":1},{"r":127,"g":127,"b":127,"a":1},{"r":127,"g":127,"b":127,"a":1},{"r":127,"g":127,"b":127,"a":1},{"r":127,"g":127,"b":127,"a":1},{"r":127,"g":127,"b":127,"a":1},{"r":127,"g":127,"b":127,"a":1},{"r":127,"g":127,"b":127,"a":1},{"r":127,"g":127,"b":127,"a":1},{"r":127,"g":127,"b":127,"a":1},{"r":127,"g":127,"b":127,"a":1},{"r":127,"g":127,"b":127,"a":1},{"r":127,"g":127,"b":127,"a":1},{"r":127,"g":127,"b":127,"a":1},{"r":127,"g":127,"b":127,"a":1},{"r":127,"g":127,"b":127,"a":1},{"r":127,"g":127,"b":127,"a":1},{"r":127,"g":127,"b":127,"a":1},{"r":127,"g":127,"b":127,"a":1},{"r":127,"g":127,"b":127,"a":1},{"r":127,"g":127,"b":127,"a":1},{"r":127,"g":127,"b":127,"a":1},{"r":127,"g":127,"b":127,"a":1},{"r":127,"g":127,"b":127,"a":1},{"r":127,"g":127,"b":127,"a":1},{"r":127,"g":127,"b":127,"a":1},{"r":127,"g":127,"b":127,"a":1},{"r":127,"g":127,"b":127,"a":1},{"r":127,"g":127,"b":127,"a":1},{"r":127,"g":127,"b":127,"a":1},{"r":127,"g":127,"b":127,"a":1},{"r":127,"g":127,"b":127,"a":1},{"r":127,"g":127,"b":127,"a":1},{"r":127,"g":127,"b":127,"a":1},{"r":127,"g":127,"b":127,"a":1},{"r":127,"g":127,"b":127,"a":1},{"r":127,"g":127,"b":127,"a":1},{"r":127,"g":127,"b":127,"a":1},{"r":127,"g":127,"b":127,"a":1},{"r":127,"g":127,"b":127,"a":1},{"r":127,"g":127,"b":127,"a":1},{"r":127,"g":127,"b":127,"a":1},{"r":127,"g":127,"b":127,"a":1},{"r":127,"g":127,"b":127,"a":1},{"r":127,"g":127,"b":127,"a":1},{"r":127,"g":127,"b":127,"a":1},{"r":127,"g":127,"b":127,"a":1},{"r":127,"g":127,"b":127,"a":1},{"r":127,"g":127,"b":127,"a":1},{"r":127,"g":127,"b":127,"a":1},{"r":127,"g":127,"b":127,"a":1},{"r":127,"g":127,"b":127,"a":1},{"r":127,"g":127,"b":127,"a":1},{"r":127,"g":127,"b":127,"a":1},{"r":127,"g":127,"b":127,"a":1},{"r":127,"g":127,"b":127,"a":1},{"r":127,"g":127,"b":127,"a":1},{"r":127,"g":127,"b":127,"a":1},{"r":127,"g":127,"b":127,"a":1},{"r":127,"g":127,"b":127,"a":1},{"r":127,"g":127,"b":127,"a":1},{"r":127,"g":127,"b":127,"a":1},{"r":127,"g":127,"b":127,"a":1},{"r":127,"g":127,"b":127,"a":1},{"r":127,"g":127,"b":127,"a":1},{"r":127,"g":127,"b":127,"a":1},{"r":127,"g":127,"b":127,"a":1},{"r":127,"g":127,"b":127,"a":1},{"r":127,"g":127,"b":127,"a":1},{"r":127,"g":127,"b":127,"a":1},{"r":127,"g":127,"b":127,"a":1},{"r":127,"g":127,"b":127,"a":1},{"r":127,"g":127,"b":127,"a":1},{"r":127,"g":127,"b":127,"a":1},{"r":127,"g":127,"b":127,"a":1},{"r":127,"g":127,"b":127,"a":1},{"r":127,"g":127,"b":127,"a":1},{"r":127,"g":127,"b":127,"a":1},{"r":127,"g":127,"b":127,"a":1},{"r":127,"g":127,"b":127,"a":1},{"r":127,"g":127,"b":127,"a":1},{"r":127,"g":127,"b":127,"a":1},{"r":127,"g":127,"b":127,"a":1},{"r":127,"g":127,"b":127,"a":1},{"r":127,"g":127,"b":127,"a":1},{"r":127,"g":127,"b":127,"a":1},{"r":127,"g":127,"b":127,"a":1},{"r":127,"g":127,"b":127,"a":1},{"r":127,"g":127,"b":127,"a":1},{"r":127,"g":127,"b":127,"a":1},{"r":127,"g":127,"b":127,"a":1},{"r":127,"g":127,"b":127,"a":1},{"r":127,"g":127,"b":127,"a":1},{"r":127,"g":127,"b":127,"a":1},{"r":127,"g":127,"b":127,"a":1},{"r":127,"g":127,"b":127,"a":1},{"r":127,"g":127,"b":127,"a":1},{"r":127,"g":127,"b":127,"a":1},{"r":127,"g":127,"b":127,"a":1},{"r":127,"g":127,"b":127,"a":1},{"r":127,"g":127,"b":127,"a":1},{"r":127,"g":127,"b":127,"a":1},{"r":127,"g":127,"b":127,"a":1},{"r":127,"g":127,"b":127,"a":1},{"r":127,"g":127,"b":127,"a":1},{"r":127,"g":127,"b":127,"a":1},{"r":127,"g":127,"b":127,"a":1},{"r":127,"g":127,"b":127,"a":1},{"r":127,"g":127,"b":127,"a":1},{"r":127,"g":127,"b":127,"a":1},{"r":127,"g":127,"b":127,"a":1},{"r":127,"g":127,"b":127,"a":1},{"r":127,"g":127,"b":127,"a":1},{"r":127,"g":127,"b":127,"a":1},{"r":127,"g":127,"b":127,"a":1},{"r":127,"g":127,"b":127,"a":1},{"r":127,"g":127,"b":127,"a":1},{"r":127,"g":127,"b":127,"a":1},{"r":127,"g":127,"b":127,"a":1},{"r":127,"g":127,"b":127,"a":1},{"r":127,"g":127,"b":127,"a":1},{"r":127,"g":127,"b":127,"a":1},{"r":127,"g":127,"b":127,"a":1},{"r":127,"g":127,"b":127,"a":1},{"r":127,"g":127,"b":127,"a":1},{"r":127,"g":127,"b":127,"a":1},{"r":127,"g":127,"b":127,"a":1},{"r":127,"g":127,"b":127,"a":1},{"r":127,"g":127,"b":127,"a":1},{"r":127,"g":127,"b":127,"a":1},{"r":127,"g":127,"b":127,"a":1},{"r":127,"g":127,"b":127,"a":1},{"r":127,"g":127,"b":127,"a":1},{"r":127,"g":127,"b":127,"a":1},{"r":127,"g":127,"b":127,"a":1},{"r":127,"g":127,"b":127,"a":1},{"r":127,"g":127,"b":127,"a":1},{"r":127,"g":127,"b":127,"a":1},{"r":127,"g":127,"b":127,"a":1},{"r":127,"g":127,"b":127,"a":1},{"r":127,"g":127,"b":127,"a":1},{"r":127,"g":127,"b":127,"a":1},{"r":127,"g":127,"b":127,"a":1},{"r":127,"g":127,"b":127,"a":1},{"r":127,"g":127,"b":127,"a":1},{"r":127,"g":127,"b":127,"a":1},{"r":127,"g":127,"b":127,"a":1},{"r":127,"g":127,"b":127,"a":1},{"r":127,"g":127,"b":127,"a":1},{"r":127,"g":127,"b":127,"a":1},{"r":127,"g":127,"b":127,"a":1},{"r":127,"g":127,"b":127,"a":1},{"r":127,"g":127,"b":127,"a":1},{"r":127,"g":127,"b":127,"a":1},{"r":127,"g":127,"b":127,"a":1},{"r":127,"g":127,"b":127,"a":1},{"r":127,"g":127,"b":127,"a":1},{"r":127,"g":127,"b":127,"a":1},{"r":127,"g":127,"b":127,"a":1},{"r":127,"g":127,"b":127,"a":1},{"r":127,"g":127,"b":127,"a":1},{"r":127,"g":127,"b":127,"a":1},{"r":127,"g":127,"b":127,"a":1},{"r":127,"g":127,"b":127,"a":1},{"r":127,"g":127,"b":127,"a":1},{"r":127,"g":127,"b":127,"a":1},{"r":127,"g":127,"b":127,"a":1},{"r":127,"g":127,"b":127,"a":1},{"r":127,"g":127,"b":127,"a":1},{"r":127,"g":127,"b":127,"a":1},{"r":127,"g":127,"b":127,"a":1},{"r":127,"g":127,"b":127,"a":1},{"r":127,"g":127,"b":127,"a":1},{"r":127,"g":127,"b":127,"a":1},{"r":127,"g":127,"b":127,"a":1},{"r":127,"g":127,"b":127,"a":1},{"r":127,"g":127,"b":127,"a":1},{"r":127,"g":127,"b":127,"a":1},{"r":127,"g":127,"b":127,"a":1},{"r":127,"g":127,"b":127,"a":1},{"r":127,"g":127,"b":127,"a":1},{"r":127,"g":127,"b":127,"a":1},{"r":127,"g":127,"b":127,"a":1},{"r":127,"g":127,"b":127,"a":1},{"r":127,"g":127,"b":127,"a":1},{"r":127,"g":127,"b":127,"a":1},{"r":127,"g":127,"b":127,"a":1},{"r":127,"g":127,"b":127,"a":1},{"r":127,"g":127,"b":127,"a":1},{"r":127,"g":127,"b":127,"a":1},{"r":127,"g":127,"b":127,"a":1},{"r":127,"g":127,"b":127,"a":1},{"r":127,"g":127,"b":127,"a":1},{"r":127,"g":127,"b":127,"a":1},{"r":127,"g":127,"b":127,"a":1},{"r":127,"g":127,"b":127,"a":1},{"r":127,"g":127,"b":127,"a":1}],"lights":[{"exFlicker":{"r":0,"g":0,"b":0,"a":0},"exRadius":0,"exFrequency":0,"exSize":0,"exSpeed":0,"exFlareSize":0,"pos":{"x":0,"y":-300,"z":0},"color":{"r":255,"g":255,"b":255,"a":1},"flags":0,"fallStart":10,"fallEnd":2000,"intensity":1}]}