{"header":{"lastUser":"Arx Level Generator - version unknown","time":1681069391,"posEdit":{"x":0,"y":-180,"z":0},"angleEdit":{"a":0,"b":0,"g":0},"numberOfBackgroundPolygons":220},"scene":{"levelIdx":1},"fogs":[],"paths":[],"zones":[],"interactiveObjects":[{"identifier":1,"name":"fix_inter/polytrans","pos":{"x":-100,"y":-220,"z":400},"angle":{"a":0,"b":-90,"g":0}},{"identifier":2,"name":"fix_inter/polytrans","pos":{"x":-80,"y":-220,"z":400},"angle":{"a":0,"b":-90,"g":0}},{"identifier":3,"name":"fix_inter/polytrans","pos":{"x":-60,"y":-220,"z":400},"angle":{"a":0,"b":-90,"g":0}},{"identifier":4,"name":"fix_inter/polytrans","pos":{"x":-40,"y":-220,"z":400},"angle":{"a":0,"b":-90,"g":0}},{"identifier":5,"name":"fix_inter/polytrans","pos":{"x":-20,"y":-220,"z":400},"angle":{"a":0,"b":-90,"g":0}},{"identifier":6,"name":"fix_inter/polytrans","pos":{"x":0,"y":-220,"z":400},"angle":{"a":0,"b":-90,"g":0}},{"identifier":7,"name":"fix_inter/polytrans","pos":{"x":20,"y":-220,"z":400},"angle":{"a":0,"b":-90,"g":0}},{"identifier":8,"name":"fix_inter/polytrans","pos":{"x":40,"y":-220,"z":400},"angle":{"a":0,"b":-90,"g":0}},{"identifier":9,"name":"fix_inter/polytrans","pos":{"x":60,"y":-220,"z":400},"angle":{"a":0,"b":-90,"g":0}},{"identifier":10,"name":"fix_inter/polytrans","pos":{"x":80,"y":-220,"z":400},"angle":{"a":0,"b":-90,"g":0}},{"identifier":11,"name":"fix_inter/polytrans","pos":{"x":100,"y":-220,"z":400},"angle":{"a":0,"b":-90,"g":0}},{"identifier":12,"name":"fix_inter/polytrans","pos":{"x":120,"y":-220,"z":400},"angle":{"a":0,"b":-90,"g":0}},{"identifier":13,"name":"fix_inter/polytrans","pos":{"x":140,"y":-220,"z":400},"angle":{"a":0,"b":-90,"g":0}},{"identifier":14,"name":"fix_inter/polytrans","pos":{"x":160,"y":-220,"z":400},"angle":{"a":0,"b":-90,"g":0}},{"identifier":15,"name":"fix_inter/polytrans","pos":{"x":180,"y":-220,"z":400},"angle":{"a":0,"b":-90,"g":0}},{"identifier":16,"name":"fix_inter/polytrans","pos":{"x":200,"y":-220,"z":400},"angle":{"a":0,"b":-90,"g":0}},{"identifier":17,"name":"fix_inter/polytrans","pos":{"x":-100,"y":-190,"z":400},"angle":{"a":0,"b":-90,"g":0}},{"identifier":18,"name":"fix_inter/polytrans","pos":{"x":-80,"y":-190,"z":400},"angle":{"a":0,"b":-90,"g":0}},{"identifier":19,"name":"fix_inter/polytrans","pos":{"x":-60,"y":-190,"z":400},"angle":{"a":0,"b":-90,"g":0}},{"identifier":20,"name":"fix_inter/polytrans","pos":{"x":-40,"y":-190,"z":400},"angle":{"a":0,"b":-90,"g":0}},{"identifier":21,"name":"fix_inter/polytrans","pos":{"x":-20,"y":-190,"z":400},"angle":{"a":0,"b":-90,"g":0}},{"identifier":22,"name":"fix_inter/polytrans","pos":{"x":0,"y":-190,"z":400},"angle":{"a":0,"b":-90,"g":0}},{"identifier":23,"name":"fix_inter/polytrans","pos":{"x":20,"y":-190,"z":400},"angle":{"a":0,"b":-90,"g":0}},{"identifier":24,"name":"fix_inter/polytrans","pos":{"x":40,"y":-190,"z":400},"angle":{"a":0,"b":-90,"g":0}},{"identifier":25,"name":"fix_inter/polytrans","pos":{"x":60,"y":-190,"z":400},"angle":{"a":0,"b":-90,"g":0}},{"identifier":26,"name":"fix_inter/polytrans","pos":{"x":80,"y":-190,"z":400},"angle":{"a":0,"b":-90,"g":0}},{"identifier":27,"name":"fix_inter/polytrans","pos":{"x":100,"y":-190,"z":400},"angle":{"a":0,"b":-90,"g":0}},{"identifier":28,"name":"fix_inter/polytrans","pos":{"x":120,"y":-190,"z":400},"angle":{"a":0,"b":-90,"g":0}},{"identifier":29,"name":"fix_inter/polytrans","pos":{"x":140,"y":-190,"z":400},"angle":{"a":0,"b":-90,"g":0}},{"identifier":30,"name":"fix_inter/polytrans","pos":{"x":160,"y":-190,"z":400},"angle":{"a":0,"b":-90,"g":0}},{"identifier":31,"name":"fix_inter/polytrans","pos":{"x":180,"y":-190,"z":400},"angle":{"a":0,"b":-90,"g":0}},{"identifier":32,"name":"fix_inter/polytrans","pos":{"x":200,"y":-190,"z":400},"angle":{"a":0,"b":-90,"g":0}},{"identifier":33,"name":"fix_inter/polytrans","pos":{"x":-100,"y":-160,"z":400},"angle":{"a":0,"b":-90,"g":0}},{"identifier":34,"name":"fix_inter/polytrans","pos":{"x":-80,"y":-160,"z":400},"angle":{"a":0,"b":-90,"g":0}},{"identifier":35,"name":"fix_inter/polytrans","pos":{"x":-60,"y":-160,"z":400},"angle":{"a":0,"b":-90,"g":0}},{"identifier":36,"name":"fix_inter/polytrans","pos":{"x":-40,"y":-160,"z":400},"angle":{"a":0,"b":-90,"g":0}},{"identifier":37,"name":"fix_inter/polytrans","pos":{"x":-20,"y":-160,"z":400},"angle":{"a":0,"b":-90,"g":0}},{"identifier":38,"name":"fix_inter/polytrans","pos":{"x":0,"y":-160,"z":400},"angle":{"a":0,"b":-90,"g":0}},{"identifier":39,"name":"fix_inter/polytrans","pos":{"x":20,"y":-160,"z":400},"angle":{"a":0,"b":-90,"g":0}},{"identifier":40,"name":"fix_inter/polytrans","pos":{"x":40,"y":-160,"z":400},"angle":{"a":0,"b":-90,"g":0}},{"identifier":41,"name":"fix_inter/polytrans","pos":{"x":60,"y":-160,"z":400},"angle":{"a":0,"b":-90,"g":0}},{"identifier":42,"name":"fix_inter/polytrans","pos":{"x":80,"y":-160,"z":400},"angle":{"a":0,"b":-90,"g":0}},{"identifier":43,"name":"fix_inter/polytrans","pos":{"x":100,"y":-160,"z":400},"angle":{"a":0,"b":-90,"g":0}},{"identifier":44,"name":"fix_inter/polytrans","pos":{"x":120,"y":-160,"z":400},"angle":{"a":0,"b":-90,"g":0}},{"identifier":45,"name":"fix_inter/polytrans","pos":{"x":140,"y":-160,"z":400},"angle":{"a":0,"b":-90,"g":0}},{"identifier":46,"name":"fix_inter/polytrans","pos":{"x":160,"y":-160,"z":400},"angle":{"a":0,"b":-90,"g":0}},{"identifier":47,"name":"fix_inter/polytrans","pos":{"x":180,"y":-160,"z":400},"angle":{"a":0,"b":-90,"g":0}},{"identifier":48,"name":"fix_inter/polytrans","pos":{"x":200,"y":-160,"z":400},"angle":{"a":0,"b":-90,"g":0}},{"identifier":49,"name":"fix_inter/polytrans","pos":{"x":-100,"y":-130,"z":400},"angle":{"a":0,"b":-90,"g":0}},{"identifier":50,"name":"fix_inter/polytrans","pos":{"x":-80,"y":-130,"z":400},"angle":{"a":0,"b":-90,"g":0}},{"identifier":51,"name":"fix_inter/polytrans","pos":{"x":-60,"y":-130,"z":400},"angle":{"a":0,"b":-90,"g":0}},{"identifier":52,"name":"fix_inter/polytrans","pos":{"x":-40,"y":-130,"z":400},"angle":{"a":0,"b":-90,"g":0}},{"identifier":53,"name":"fix_inter/polytrans","pos":{"x":-20,"y":-130,"z":400},"angle":{"a":0,"b":-90,"g":0}},{"identifier":54,"name":"fix_inter/polytrans","pos":{"x":0,"y":-130,"z":400},"angle":{"a":0,"b":-90,"g":0}},{"identifier":55,"name":"fix_inter/polytrans","pos":{"x":20,"y":-130,"z":400},"angle":{"a":0,"b":-90,"g":0}},{"identifier":56,"name":"fix_inter/polytrans","pos":{"x":40,"y":-130,"z":400},"angle":{"a":0,"b":-90,"g":0}},{"identifier":57,"name":"fix_inter/polytrans","pos":{"x":60,"y":-130,"z":400},"angle":{"a":0,"b":-90,"g":0}},{"identifier":58,"name":"fix_inter/polytrans","pos":{"x":80,"y":-130,"z":400},"angle":{"a":0,"b":-90,"g":0}},{"identifier":59,"name":"fix_inter/polytrans","pos":{"x":100,"y":-130,"z":400},"angle":{"a":0,"b":-90,"g":0}},{"identifier":60,"name":"fix_inter/polytrans","pos":{"x":120,"y":-130,"z":400},"angle":{"a":0,"b":-90,"g":0}},{"identifier":61,"name":"fix_inter/polytrans","pos":{"x":140,"y":-130,"z":400},"angle":{"a":0,"b":-90,"g":0}},{"identifier":62,"name":"fix_inter/polytrans","pos":{"x":160,"y":-130,"z":400},"angle":{"a":0,"b":-90,"g":0}},{"identifier":63,"name":"fix_inter/polytrans","pos":{"x":180,"y":-130,"z":400},"angle":{"a":0,"b":-90,"g":0}},{"identifier":64,"name":"fix_inter/polytrans","pos":{"x":200,"y":-130,"z":400},"angle":{"a":0,"b":-90,"g":0}},{"identifier":65,"name":"fix_inter/polytrans","pos":{"x":-100,"y":-100,"z":400},"angle":{"a":0,"b":-90,"g":0}},{"identifier":66,"name":"fix_inter/polytrans","pos":{"x":-80,"y":-100,"z":400},"angle":{"a":0,"b":-90,"g":0}},{"identifier":67,"name":"fix_inter/polytrans","pos":{"x":-60,"y":-100,"z":400},"angle":{"a":0,"b":-90,"g":0}},{"identifier":68,"name":"fix_inter/polytrans","pos":{"x":-40,"y":-100,"z":400},"angle":{"a":0,"b":-90,"g":0}},{"identifier":69,"name":"fix_inter/polytrans","pos":{"x":-20,"y":-100,"z":400},"angle":{"a":0,"b":-90,"g":0}},{"identifier":70,"name":"fix_inter/polytrans","pos":{"x":0,"y":-100,"z":400},"angle":{"a":0,"b":-90,"g":0}},{"identifier":71,"name":"fix_inter/polytrans","pos":{"x":20,"y":-100,"z":400},"angle":{"a":0,"b":-90,"g":0}},{"identifier":72,"name":"fix_inter/polytrans","pos":{"x":40,"y":-100,"z":400},"angle":{"a":0,"b":-90,"g":0}},{"identifier":73,"name":"fix_inter/polytrans","pos":{"x":60,"y":-100,"z":400},"angle":{"a":0,"b":-90,"g":0}},{"identifier":74,"name":"fix_inter/polytrans","pos":{"x":80,"y":-100,"z":400},"angle":{"a":0,"b":-90,"g":0}},{"identifier":75,"name":"fix_inter/polytrans","pos":{"x":100,"y":-100,"z":400},"angle":{"a":0,"b":-90,"g":0}},{"identifier":76,"name":"fix_inter/polytrans","pos":{"x":120,"y":-100,"z":400},"angle":{"a":0,"b":-90,"g":0}},{"identifier":77,"name":"fix_inter/polytrans","pos":{"x":140,"y":-100,"z":400},"angle":{"a":0,"b":-90,"g":0}},{"identifier":78,"name":"fix_inter/polytrans","pos":{"x":160,"y":-100,"z":400},"angle":{"a":0,"b":-90,"g":0}},{"identifier":79,"name":"fix_inter/polytrans","pos":{"x":180,"y":-100,"z":400},"angle":{"a":0,"b":-90,"g":0}},{"identifier":80,"name":"fix_inter/polytrans","pos":{"x":200,"y":-100,"z":400},"angle":{"a":0,"b":-90,"g":0}},{"identifier":81,"name":"fix_inter/polytrans","pos":{"x":-100,"y":-70,"z":400},"angle":{"a":0,"b":-90,"g":0}},{"identifier":82,"name":"fix_inter/polytrans","pos":{"x":-80,"y":-70,"z":400},"angle":{"a":0,"b":-90,"g":0}},{"identifier":83,"name":"fix_inter/polytrans","pos":{"x":-60,"y":-70,"z":400},"angle":{"a":0,"b":-90,"g":0}},{"identifier":84,"name":"fix_inter/polytrans","pos":{"x":-40,"y":-70,"z":400},"angle":{"a":0,"b":-90,"g":0}},{"identifier":85,"name":"fix_inter/polytrans","pos":{"x":-20,"y":-70,"z":400},"angle":{"a":0,"b":-90,"g":0}},{"identifier":86,"name":"fix_inter/polytrans","pos":{"x":0,"y":-70,"z":400},"angle":{"a":0,"b":-90,"g":0}},{"identifier":87,"name":"fix_inter/polytrans","pos":{"x":20,"y":-70,"z":400},"angle":{"a":0,"b":-90,"g":0}},{"identifier":88,"name":"fix_inter/polytrans","pos":{"x":40,"y":-70,"z":400},"angle":{"a":0,"b":-90,"g":0}},{"identifier":89,"name":"fix_inter/polytrans","pos":{"x":60,"y":-70,"z":400},"angle":{"a":0,"b":-90,"g":0}},{"identifier":90,"name":"fix_inter/polytrans","pos":{"x":80,"y":-70,"z":400},"angle":{"a":0,"b":-90,"g":0}},{"identifier":91,"name":"fix_inter/polytrans","pos":{"x":100,"y":-70,"z":400},"angle":{"a":0,"b":-90,"g":0}},{"identifier":92,"name":"fix_inter/polytrans","pos":{"x":120,"y":-70,"z":400},"angle":{"a":0,"b":-90,"g":0}},{"identifier":93,"name":"fix_inter/polytrans","pos":{"x":140,"y":-70,"z":400},"angle":{"a":0,"b":-90,"g":0}},{"identifier":94,"name":"fix_inter/polytrans","pos":{"x":160,"y":-70,"z":400},"angle":{"a":0,"b":-90,"g":0}},{"identifier":95,"name":"fix_inter/polytrans","pos":{"x":180,"y":-70,"z":400},"angle":{"a":0,"b":-90,"g":0}},{"identifier":96,"name":"fix_inter/polytrans","pos":{"x":200,"y":-70,"z":400},"angle":{"a":0,"b":-90,"g":0}},{"identifier":7,"name":"system/marker","pos":{"x":0,"y":0,"z":0},"angle":{"a":0,"b":0,"g":0}},{"identifier":1,"name":"fix_inter/lever","pos":{"x":-140,"y":-150,"z":400},"angle":{"a":90,"b":0,"g":0}},{"identifier":1,"name":"npc/flying_creature","pos":{"x":-100,"y":-250,"z":400},"angle":{"a":0,"b":-90,"g":0}},{"identifier":1,"name":"system/marker","pos":{"x":0,"y":0,"z":0},"angle":{"a":0,"b":0,"g":0}},{"identifier":2,"name":"system/marker","pos":{"x":0,"y":0,"z":0},"angle":{"a":0,"b":0,"g":0}},{"identifier":3,"name":"system/marker","pos":{"x":0,"y":0,"z":0},"angle":{"a":0,"b":0,"g":0}},{"identifier":4,"name":"system/marker","pos":{"x":0,"y":0,"z":0},"angle":{"a":0,"b":0,"g":0}},{"identifier":5,"name":"system/marker","pos":{"x":0,"y":0,"z":0},"angle":{"a":0,"b":0,"g":0}},{"identifier":6,"name":"system/marker","pos":{"x":0,"y":0,"z":0},"angle":{"a":0,"b":0,"g":0}}]}