{"header":{"lastUser":"Arx Level Generator - version 1.1.2","time":1691702131,"posEdit":{"x":0,"y":-180,"z":0},"angleEdit":{"a":0,"b":0,"g":0},"numberOfBackgroundPolygons":9666},"scene":{"levelIdx":1},"fogs":[],"paths":[],"zones":[{"name":"spawn","drawDistance":5000,"height":-1,"points":[{"pos":{"x":50,"y":-6.1232337864698064e-15,"z":50},"type":0,"time":0},{"pos":{"x":-50,"y":-6.1232337864698064e-15,"z":50},"type":0,"time":0},{"pos":{"x":-50,"y":0,"z":-50},"type":0,"time":0},{"pos":{"x":50,"y":0,"z":-50},"type":0,"time":0}]}],"interactiveObjects":[{"identifier":1,"name":"system/marker","pos":{"x":0,"y":0,"z":0},"angle":{"a":0,"b":0,"g":0}},{"identifier":2,"name":"items/movable/seat_stool1","pos":{"x":490,"y":-43,"z":250},"angle":{"a":-33,"b":-28,"g":90}},{"identifier":1,"name":"items/movable/seat_stool1","pos":{"x":620,"y":0,"z":430},"angle":{"a":0,"b":0,"g":0}},{"identifier":2,"name":"items/quest_item/pcgame","pos":{"x":540,"y":0,"z":290},"angle":{"a":0,"b":128,"g":0}},{"identifier":1,"name":"npc/hanged_gob","pos":{"x":505,"y":-120,"z":260},"angle":{"a":0,"b":135,"g":0}},{"identifier":1,"name":"fix_inter/light_door","pos":{"x":800,"y":20,"z":120},"angle":{"a":0,"b":-90,"g":0}},{"identifier":2,"name":"items/magic/rune_aam","pos":{"x":1056,"y":-87,"z":502},"angle":{"a":0,"b":57.00000000000001,"g":0}},{"identifier":2,"name":"fix_inter/light_door","pos":{"x":960,"y":8,"z":470},"angle":{"a":0,"b":0,"g":0}},{"identifier":3,"name":"fix_inter/light_door","pos":{"x":960,"y":-92,"z":330},"angle":{"a":180,"b":0,"g":0}},{"identifier":4,"name":"fix_inter/light_door","pos":{"x":850,"y":-200,"z":120},"angle":{"a":0,"b":-90,"g":180}},{"identifier":5,"name":"fix_inter/light_door","pos":{"x":100,"y":10,"z":565},"angle":{"a":0,"b":-90,"g":0}},{"identifier":3,"name":"items/quest_item/pcgame","pos":{"x":240,"y":-3,"z":1380},"angle":{"a":-59.99999999999999,"b":-90,"g":0}},{"identifier":2,"name":"system/marker","pos":{"x":500,"y":-100,"z":1800},"angle":{"a":0,"b":0,"g":0}},{"identifier":3,"name":"system/marker","pos":{"x":-700,"y":-70,"z":1500},"angle":{"a":0,"b":0,"g":0}},{"identifier":4,"name":"system/marker","pos":{"x":0,"y":-200,"z":2100},"angle":{"a":0,"b":0,"g":0}},{"identifier":5,"name":"system/marker","pos":{"x":1800,"y":0,"z":-1100},"angle":{"a":0,"b":0,"g":0}},{"identifier":4,"name":"items/quest_item/pcgame","pos":{"x":1700,"y":-5,"z":-50},"angle":{"a":45,"b":80,"g":14.999999999999998}},{"identifier":1,"name":"items/magic/fern","pos":{"x":1650,"y":0,"z":-60},"angle":{"a":0,"b":90,"g":0}},{"identifier":3,"name":"items/magic/rune_aam","pos":{"x":0,"y":0,"z":0},"angle":{"a":0,"b":0,"g":0}},{"identifier":1,"name":"fix_inter/barrel/barrel.asl","pos":{"x":1650,"y":0,"z":-960},"angle":{"a":0,"b":0,"g":0}},{"identifier":5,"name":"items/quest_item/pcgame","pos":{"x":-1650,"y":-5,"z":-670},"angle":{"a":0,"b":0,"g":0}},{"identifier":1,"name":"items/movable/broken_shield","pos":{"x":-1616.063706166882,"y":-6.334286375038856,"z":-667.7653392763764},"angle":{"a":-7.476184678618232,"b":319.868443607607,"g":4.578719139976762}},{"identifier":2,"name":"items/movable/broken_bottle","pos":{"x":-1649.1891565827978,"y":-5.7102003549206035,"z":-668.8030662359},"angle":{"a":1.6141786337263753,"b":139.31803040009268,"g":-33.357257537850174}},{"identifier":3,"name":"items/movable/broken_stool","pos":{"x":-1615.209804555047,"y":-7.3077566158906775,"z":-665.0409969464615},"angle":{"a":-28.726534855995663,"b":233.49288161371805,"g":29.3160824834215}},{"identifier":4,"name":"items/movable/broken_bottle","pos":{"x":-1610.8499185587589,"y":-1.4778297454134002,"z":-673.5996412475283},"angle":{"a":28.2121585993859,"b":60.6215455920244,"g":-3.877597177053986}},{"identifier":5,"name":"items/movable/broken_stool","pos":{"x":-1619.8439492202222,"y":-7.565976112661676,"z":-671.0695456444831},"angle":{"a":40.2153498702197,"b":189.64077756112556,"g":-42.11312350184182}},{"identifier":6,"name":"items/movable/broken_shield","pos":{"x":-1598.5691307238562,"y":-0.038888958117585304,"z":-681.3328178274907},"angle":{"a":36.455449284081325,"b":326.82473365236376,"g":-22.640896787608472}},{"identifier":7,"name":"items/movable/broken_bottle","pos":{"x":-1639.2831147320915,"y":-6.021519430006851,"z":-716.0374397286512},"angle":{"a":19.830129070998623,"b":330.7210469024952,"g":-16.208357130406494}},{"identifier":8,"name":"items/movable/broken_stool","pos":{"x":-1616.3781379705724,"y":-2.0504775655951244,"z":-625.0172021717437},"angle":{"a":-11.40365386800815,"b":255.62604775073765,"g":-18.27645246955167}},{"identifier":6,"name":"fix_inter/light_door","pos":{"x":260,"y":8,"z":520},"angle":{"a":0,"b":0,"g":0}},{"identifier":7,"name":"fix_inter/light_door","pos":{"x":260,"y":-92,"z":380},"angle":{"a":180,"b":0,"g":0}},{"identifier":8,"name":"fix_inter/light_door","pos":{"x":260,"y":8,"z":365},"angle":{"a":0,"b":0,"g":0}},{"identifier":9,"name":"fix_inter/light_door","pos":{"x":260,"y":-92,"z":225},"angle":{"a":180,"b":0,"g":0}},{"identifier":10,"name":"fix_inter/light_door","pos":{"x":260,"y":8,"z":-180},"angle":{"a":0,"b":0,"g":0}},{"identifier":11,"name":"fix_inter/light_door","pos":{"x":260,"y":-92,"z":-320},"angle":{"a":180,"b":0,"g":0}},{"identifier":6,"name":"system/marker","pos":{"x":300,"y":-100,"z":450},"angle":{"a":0,"b":0,"g":0}},{"identifier":1,"name":"fix_inter/lever","pos":{"x":300,"y":-106,"z":450},"angle":{"a":59.99999999999999,"b":90,"g":-90}},{"identifier":1,"name":"npc/goblin_base","pos":{"x":-200,"y":-2,"z":425},"angle":{"a":0,"b":-100,"g":0}},{"identifier":2,"name":"items/magic/powerup_ring","pos":{"x":-300,"y":-79,"z":370},"angle":{"a":0,"b":0,"g":0}},{"identifier":4,"name":"items/magic/rune_aam","pos":{"x":-300,"y":-79,"z":280},"angle":{"a":0,"b":180,"g":0}},{"identifier":6,"name":"items/quest_item/pcgame","pos":{"x":300,"y":0,"z":403},"angle":{"a":-59.99999999999999,"b":-90,"g":0}},{"identifier":1,"name":"items/provisions/lamp","pos":{"x":300,"y":0,"z":-210},"angle":{"a":0,"b":0,"g":0}},{"identifier":1,"name":"items/movable/bucket","pos":{"x":310,"y":0,"z":335},"angle":{"a":0,"b":0,"g":0}},{"identifier":7,"name":"system/marker","pos":{"x":-450,"y":-10,"z":0},"angle":{"a":0,"b":0,"g":0}}]}