{"header":{"lastUser":"Arx Level Generator - version 1.0.2","time":1691611949,"posEdit":{"x":0,"y":-180,"z":0},"angleEdit":{"a":0,"b":-90,"g":0},"numberOfBackgroundPolygons":30656},"scene":{"levelIdx":1},"fogs":[],"paths":[],"zones":[{"name":"ambient_blackthing","height":100,"ambience":"ambient_blackthing","ambienceMaxVolume":100,"points":[{"pos":{"x":180,"y":-47.53618240356445,"z":-550},"type":0,"time":0},{"pos":{"x":100,"y":-47.53618240356445,"z":-550},"type":0,"time":0},{"pos":{"x":100,"y":-47.53618240356445,"z":-630},"type":0,"time":0},{"pos":{"x":180,"y":-47.53618240356445,"z":-630},"type":0,"time":0}]},{"name":"ambient_bunker_akbaa","height":100,"ambience":"ambient_bunker_akbaa","ambienceMaxVolume":100,"points":[{"pos":{"x":180,"y":-36.63351821899414,"z":-250},"type":0,"time":0},{"pos":{"x":100,"y":-36.63351821899414,"z":-250},"type":0,"time":0},{"pos":{"x":100,"y":-36.63351821899414,"z":-330},"type":0,"time":0},{"pos":{"x":180,"y":-36.63351821899414,"z":-330},"type":0,"time":0}]},{"name":"ambient_bunker","height":100,"ambience":"ambient_bunker","ambienceMaxVolume":100,"points":[{"pos":{"x":180,"y":-39.71866226196289,"z":50},"type":0,"time":0},{"pos":{"x":100,"y":-39.71866226196289,"z":50},"type":0,"time":0},{"pos":{"x":100,"y":-39.71866226196289,"z":-30},"type":0,"time":0},{"pos":{"x":180,"y":-39.71866226196289,"z":-30},"type":0,"time":0}]},{"name":"ambient_castle","height":100,"ambience":"ambient_castle","ambienceMaxVolume":100,"points":[{"pos":{"x":180,"y":-37.70671844482422,"z":350},"type":0,"time":0},{"pos":{"x":100,"y":-37.70671844482422,"z":350},"type":0,"time":0},{"pos":{"x":100,"y":-37.70671844482422,"z":270},"type":0,"time":0},{"pos":{"x":180,"y":-37.70671844482422,"z":270},"type":0,"time":0}]},{"name":"ambient_cave_a","height":100,"ambience":"ambient_cave_a","ambienceMaxVolume":100,"points":[{"pos":{"x":180,"y":-51.014156341552734,"z":650},"type":0,"time":0},{"pos":{"x":100,"y":-51.014156341552734,"z":650},"type":0,"time":0},{"pos":{"x":100,"y":-51.014156341552734,"z":570},"type":0,"time":0},{"pos":{"x":180,"y":-51.014156341552734,"z":570},"type":0,"time":0}]},{"name":"ambient_cave_b","height":100,"ambience":"ambient_cave_b","ambienceMaxVolume":100,"points":[{"pos":{"x":480,"y":-54.96858596801758,"z":-550},"type":0,"time":0},{"pos":{"x":400,"y":-54.96858596801758,"z":-550},"type":0,"time":0},{"pos":{"x":400,"y":-54.96858596801758,"z":-630},"type":0,"time":0},{"pos":{"x":480,"y":-54.96858596801758,"z":-630},"type":0,"time":0}]},{"name":"ambient_cave_frozen","height":100,"ambience":"ambient_cave_frozen","ambienceMaxVolume":100,"points":[{"pos":{"x":480,"y":-38.24257278442383,"z":-250},"type":0,"time":0},{"pos":{"x":400,"y":-38.24257278442383,"z":-250},"type":0,"time":0},{"pos":{"x":400,"y":-38.24257278442383,"z":-330},"type":0,"time":0},{"pos":{"x":480,"y":-38.24257278442383,"z":-330},"type":0,"time":0}]},{"name":"ambient_cave_greu","height":100,"ambience":"ambient_cave_greu","ambienceMaxVolume":100,"points":[{"pos":{"x":480,"y":-45.084144592285156,"z":50},"type":0,"time":0},{"pos":{"x":400,"y":-45.084144592285156,"z":50},"type":0,"time":0},{"pos":{"x":400,"y":-45.084144592285156,"z":-30},"type":0,"time":0},{"pos":{"x":480,"y":-45.084144592285156,"z":-30},"type":0,"time":0}]},{"name":"ambient_cave_lava","height":100,"ambience":"ambient_cave_lava","ambienceMaxVolume":100,"points":[{"pos":{"x":480,"y":-54.874629974365234,"z":350},"type":0,"time":0},{"pos":{"x":400,"y":-54.874629974365234,"z":350},"type":0,"time":0},{"pos":{"x":400,"y":-54.874629974365234,"z":270},"type":0,"time":0},{"pos":{"x":480,"y":-54.874629974365234,"z":270},"type":0,"time":0}]},{"name":"ambient_cave_worm","height":100,"ambience":"ambient_cave_worm","ambienceMaxVolume":100,"points":[{"pos":{"x":480,"y":-41.0210075378418,"z":650},"type":0,"time":0},{"pos":{"x":400,"y":-41.0210075378418,"z":650},"type":0,"time":0},{"pos":{"x":400,"y":-41.0210075378418,"z":570},"type":0,"time":0},{"pos":{"x":480,"y":-41.0210075378418,"z":570},"type":0,"time":0}]},{"name":"ambient_credits","height":100,"ambience":"ambient_credits","ambienceMaxVolume":100,"points":[{"pos":{"x":780,"y":-51.51150131225586,"z":-550},"type":0,"time":0},{"pos":{"x":700,"y":-51.51150131225586,"z":-550},"type":0,"time":0},{"pos":{"x":700,"y":-51.51150131225586,"z":-630},"type":0,"time":0},{"pos":{"x":780,"y":-51.51150131225586,"z":-630},"type":0,"time":0}]},{"name":"ambient_crypt_a","height":100,"ambience":"ambient_crypt_a","ambienceMaxVolume":100,"points":[{"pos":{"x":780,"y":-51.54296875,"z":-250},"type":0,"time":0},{"pos":{"x":700,"y":-51.54296875,"z":-250},"type":0,"time":0},{"pos":{"x":700,"y":-51.54296875,"z":-330},"type":0,"time":0},{"pos":{"x":780,"y":-51.54296875,"z":-330},"type":0,"time":0}]},{"name":"ambient_crypt_b","height":100,"ambience":"ambient_crypt_b","ambienceMaxVolume":100,"points":[{"pos":{"x":780,"y":-43.830081939697266,"z":50},"type":0,"time":0},{"pos":{"x":700,"y":-43.830081939697266,"z":50},"type":0,"time":0},{"pos":{"x":700,"y":-43.830081939697266,"z":-30},"type":0,"time":0},{"pos":{"x":780,"y":-43.830081939697266,"z":-30},"type":0,"time":0}]},{"name":"ambient_crypt_c","height":100,"ambience":"ambient_crypt_c","ambienceMaxVolume":100,"points":[{"pos":{"x":780,"y":-51.01011276245117,"z":350},"type":0,"time":0},{"pos":{"x":700,"y":-51.01011276245117,"z":350},"type":0,"time":0},{"pos":{"x":700,"y":-51.01011276245117,"z":270},"type":0,"time":0},{"pos":{"x":780,"y":-51.01011276245117,"z":270},"type":0,"time":0}]},{"name":"ambient_crypt_d","height":100,"ambience":"ambient_crypt_d","ambienceMaxVolume":100,"points":[{"pos":{"x":780,"y":-48.05000305175781,"z":650},"type":0,"time":0},{"pos":{"x":700,"y":-48.05000305175781,"z":650},"type":0,"time":0},{"pos":{"x":700,"y":-48.05000305175781,"z":570},"type":0,"time":0},{"pos":{"x":780,"y":-48.05000305175781,"z":570},"type":0,"time":0}]},{"name":"ambient_crypt_e","height":100,"ambience":"ambient_crypt_e","ambienceMaxVolume":100,"points":[{"pos":{"x":1080,"y":-44.73289489746094,"z":-550},"type":0,"time":0},{"pos":{"x":1000,"y":-44.73289489746094,"z":-550},"type":0,"time":0},{"pos":{"x":1000,"y":-44.73289489746094,"z":-630},"type":0,"time":0},{"pos":{"x":1080,"y":-44.73289489746094,"z":-630},"type":0,"time":0}]},{"name":"ambient_crypt_f","height":100,"ambience":"ambient_crypt_f","ambienceMaxVolume":100,"points":[{"pos":{"x":1080,"y":-50.1810302734375,"z":-250},"type":0,"time":0},{"pos":{"x":1000,"y":-50.1810302734375,"z":-250},"type":0,"time":0},{"pos":{"x":1000,"y":-50.1810302734375,"z":-330},"type":0,"time":0},{"pos":{"x":1080,"y":-50.1810302734375,"z":-330},"type":0,"time":0}]},{"name":"ambient_crypt_lich","height":100,"ambience":"ambient_crypt_lich","ambienceMaxVolume":100,"points":[{"pos":{"x":1080,"y":-39.709774017333984,"z":50},"type":0,"time":0},{"pos":{"x":1000,"y":-39.709774017333984,"z":50},"type":0,"time":0},{"pos":{"x":1000,"y":-39.709774017333984,"z":-30},"type":0,"time":0},{"pos":{"x":1080,"y":-39.709774017333984,"z":-30},"type":0,"time":0}]},{"name":"ambient_dramatic","height":100,"ambience":"ambient_dramatic","ambienceMaxVolume":100,"points":[{"pos":{"x":1080,"y":-50.90669250488281,"z":350},"type":0,"time":0},{"pos":{"x":1000,"y":-50.90669250488281,"z":350},"type":0,"time":0},{"pos":{"x":1000,"y":-50.90669250488281,"z":270},"type":0,"time":0},{"pos":{"x":1080,"y":-50.90669250488281,"z":270},"type":0,"time":0}]},{"name":"ambient_dwarf","height":100,"ambience":"ambient_dwarf","ambienceMaxVolume":100,"points":[{"pos":{"x":1080,"y":-52.106990814208984,"z":650},"type":0,"time":0},{"pos":{"x":1000,"y":-52.106990814208984,"z":650},"type":0,"time":0},{"pos":{"x":1000,"y":-52.106990814208984,"z":570},"type":0,"time":0},{"pos":{"x":1080,"y":-52.106990814208984,"z":570},"type":0,"time":0}]},{"name":"ambient_fight","height":100,"ambience":"ambient_fight","ambienceMaxVolume":100,"points":[{"pos":{"x":1380,"y":-47.99200439453125,"z":-550},"type":0,"time":0},{"pos":{"x":1300,"y":-47.99200439453125,"z":-550},"type":0,"time":0},{"pos":{"x":1300,"y":-47.99200439453125,"z":-630},"type":0,"time":0},{"pos":{"x":1380,"y":-47.99200439453125,"z":-630},"type":0,"time":0}]},{"name":"ambient_fight_music","height":100,"ambience":"ambient_fight_music","ambienceMaxVolume":100,"points":[{"pos":{"x":1380,"y":-46.21025848388672,"z":-250},"type":0,"time":0},{"pos":{"x":1300,"y":-46.21025848388672,"z":-250},"type":0,"time":0},{"pos":{"x":1300,"y":-46.21025848388672,"z":-330},"type":0,"time":0},{"pos":{"x":1380,"y":-46.21025848388672,"z":-330},"type":0,"time":0}]},{"name":"ambient_gob_castle","height":100,"ambience":"ambient_gob_castle","ambienceMaxVolume":100,"points":[{"pos":{"x":1380,"y":-40.84745407104492,"z":50},"type":0,"time":0},{"pos":{"x":1300,"y":-40.84745407104492,"z":50},"type":0,"time":0},{"pos":{"x":1300,"y":-40.84745407104492,"z":-30},"type":0,"time":0},{"pos":{"x":1380,"y":-40.84745407104492,"z":-30},"type":0,"time":0}]},{"name":"ambient_gob_intro","height":100,"ambience":"ambient_gob_intro","ambienceMaxVolume":100,"points":[{"pos":{"x":1380,"y":-47.25382995605469,"z":350},"type":0,"time":0},{"pos":{"x":1300,"y":-47.25382995605469,"z":350},"type":0,"time":0},{"pos":{"x":1300,"y":-47.25382995605469,"z":270},"type":0,"time":0},{"pos":{"x":1380,"y":-47.25382995605469,"z":270},"type":0,"time":0}]},{"name":"ambient_gob_jail_main","height":100,"ambience":"ambient_gob_jail_main","ambienceMaxVolume":100,"points":[{"pos":{"x":1380,"y":-46.73711395263672,"z":650},"type":0,"time":0},{"pos":{"x":1300,"y":-46.73711395263672,"z":650},"type":0,"time":0},{"pos":{"x":1300,"y":-46.73711395263672,"z":570},"type":0,"time":0},{"pos":{"x":1380,"y":-46.73711395263672,"z":570},"type":0,"time":0}]},{"name":"ambient_gob_jail_stress","height":100,"ambience":"ambient_gob_jail_stress","ambienceMaxVolume":100,"points":[{"pos":{"x":1680,"y":-47.215965270996094,"z":-550},"type":0,"time":0},{"pos":{"x":1600,"y":-47.215965270996094,"z":-550},"type":0,"time":0},{"pos":{"x":1600,"y":-47.215965270996094,"z":-630},"type":0,"time":0},{"pos":{"x":1680,"y":-47.215965270996094,"z":-630},"type":0,"time":0}]},{"name":"ambient_gob_ruin","height":100,"ambience":"ambient_gob_ruin","ambienceMaxVolume":100,"points":[{"pos":{"x":1680,"y":-36.79416275024414,"z":-250},"type":0,"time":0},{"pos":{"x":1600,"y":-36.79416275024414,"z":-250},"type":0,"time":0},{"pos":{"x":1600,"y":-36.79416275024414,"z":-330},"type":0,"time":0},{"pos":{"x":1680,"y":-36.79416275024414,"z":-330},"type":0,"time":0}]},{"name":"Ambient_important_place","height":100,"ambience":"Ambient_important_place","ambienceMaxVolume":100,"points":[{"pos":{"x":1680,"y":-51.611202239990234,"z":50},"type":0,"time":0},{"pos":{"x":1600,"y":-51.611202239990234,"z":50},"type":0,"time":0},{"pos":{"x":1600,"y":-51.611202239990234,"z":-30},"type":0,"time":0},{"pos":{"x":1680,"y":-51.611202239990234,"z":-30},"type":0,"time":0}]},{"name":"ambient_intro_a","height":100,"ambience":"ambient_intro_a","ambienceMaxVolume":100,"points":[{"pos":{"x":1680,"y":-40.17182159423828,"z":350},"type":0,"time":0},{"pos":{"x":1600,"y":-40.17182159423828,"z":350},"type":0,"time":0},{"pos":{"x":1600,"y":-40.17182159423828,"z":270},"type":0,"time":0},{"pos":{"x":1680,"y":-40.17182159423828,"z":270},"type":0,"time":0}]},{"name":"ambient_intro","height":100,"ambience":"ambient_intro","ambienceMaxVolume":100,"points":[{"pos":{"x":1680,"y":-39.1386833190918,"z":650},"type":0,"time":0},{"pos":{"x":1600,"y":-39.1386833190918,"z":650},"type":0,"time":0},{"pos":{"x":1600,"y":-39.1386833190918,"z":570},"type":0,"time":0},{"pos":{"x":1680,"y":-39.1386833190918,"z":570},"type":0,"time":0}]},{"name":"ambient_intro_b","height":100,"ambience":"ambient_intro_b","ambienceMaxVolume":100,"points":[{"pos":{"x":1980,"y":-50.88190460205078,"z":-550},"type":0,"time":0},{"pos":{"x":1900,"y":-50.88190460205078,"z":-550},"type":0,"time":0},{"pos":{"x":1900,"y":-50.88190460205078,"z":-630},"type":0,"time":0},{"pos":{"x":1980,"y":-50.88190460205078,"z":-630},"type":0,"time":0}]},{"name":"ambient_menu","height":100,"ambience":"ambient_menu","ambienceMaxVolume":100,"points":[{"pos":{"x":1980,"y":-47.52359390258789,"z":-250},"type":0,"time":0},{"pos":{"x":1900,"y":-47.52359390258789,"z":-250},"type":0,"time":0},{"pos":{"x":1900,"y":-47.52359390258789,"z":-330},"type":0,"time":0},{"pos":{"x":1980,"y":-47.52359390258789,"z":-330},"type":0,"time":0}]},{"name":"ambient_noden","height":100,"ambience":"ambient_noden","ambienceMaxVolume":100,"points":[{"pos":{"x":1980,"y":-47.126041412353516,"z":50},"type":0,"time":0},{"pos":{"x":1900,"y":-47.126041412353516,"z":50},"type":0,"time":0},{"pos":{"x":1900,"y":-47.126041412353516,"z":-30},"type":0,"time":0},{"pos":{"x":1980,"y":-47.126041412353516,"z":-30},"type":0,"time":0}]},{"name":"ambient_outpost","height":100,"ambience":"ambient_outpost","ambienceMaxVolume":100,"points":[{"pos":{"x":1980,"y":-36.98392868041992,"z":350},"type":0,"time":0},{"pos":{"x":1900,"y":-36.98392868041992,"z":350},"type":0,"time":0},{"pos":{"x":1900,"y":-36.98392868041992,"z":270},"type":0,"time":0},{"pos":{"x":1980,"y":-36.98392868041992,"z":270},"type":0,"time":0}]},{"name":"ambient_rebels_cool","height":100,"ambience":"ambient_rebels_cool","ambienceMaxVolume":100,"points":[{"pos":{"x":1980,"y":-52.955360412597656,"z":650},"type":0,"time":0},{"pos":{"x":1900,"y":-52.955360412597656,"z":650},"type":0,"time":0},{"pos":{"x":1900,"y":-52.955360412597656,"z":570},"type":0,"time":0},{"pos":{"x":1980,"y":-52.955360412597656,"z":570},"type":0,"time":0}]},{"name":"ambient_rebels_intense","height":100,"ambience":"ambient_rebels_intense","ambienceMaxVolume":100,"points":[{"pos":{"x":2280,"y":-51.69538116455078,"z":-550},"type":0,"time":0},{"pos":{"x":2200,"y":-51.69538116455078,"z":-550},"type":0,"time":0},{"pos":{"x":2200,"y":-51.69538116455078,"z":-630},"type":0,"time":0},{"pos":{"x":2280,"y":-51.69538116455078,"z":-630},"type":0,"time":0}]},{"name":"ambient_snake_castle","height":100,"ambience":"ambient_snake_castle","ambienceMaxVolume":100,"points":[{"pos":{"x":2280,"y":-53.618492126464844,"z":-250},"type":0,"time":0},{"pos":{"x":2200,"y":-53.618492126464844,"z":-250},"type":0,"time":0},{"pos":{"x":2200,"y":-53.618492126464844,"z":-330},"type":0,"time":0},{"pos":{"x":2280,"y":-53.618492126464844,"z":-330},"type":0,"time":0}]},{"name":"ambient_snake_illusion","height":100,"ambience":"ambient_snake_illusion","ambienceMaxVolume":100,"points":[{"pos":{"x":2280,"y":-35.31736755371094,"z":50},"type":0,"time":0},{"pos":{"x":2200,"y":-35.31736755371094,"z":50},"type":0,"time":0},{"pos":{"x":2200,"y":-35.31736755371094,"z":-30},"type":0,"time":0},{"pos":{"x":2280,"y":-35.31736755371094,"z":-30},"type":0,"time":0}]},{"name":"ambient_tavern","height":100,"ambience":"ambient_tavern","ambienceMaxVolume":100,"points":[{"pos":{"x":2280,"y":-43.72969055175781,"z":350},"type":0,"time":0},{"pos":{"x":2200,"y":-43.72969055175781,"z":350},"type":0,"time":0},{"pos":{"x":2200,"y":-43.72969055175781,"z":270},"type":0,"time":0},{"pos":{"x":2280,"y":-43.72969055175781,"z":270},"type":0,"time":0}]},{"name":"ambient_temple_akbaa","height":100,"ambience":"ambient_temple_akbaa","ambienceMaxVolume":100,"points":[{"pos":{"x":2280,"y":-39.80409240722656,"z":650},"type":0,"time":0},{"pos":{"x":2200,"y":-39.80409240722656,"z":650},"type":0,"time":0},{"pos":{"x":2200,"y":-39.80409240722656,"z":570},"type":0,"time":0},{"pos":{"x":2280,"y":-39.80409240722656,"z":570},"type":0,"time":0}]},{"name":"ambient_temple_akbaa_up","height":100,"ambience":"ambient_temple_akbaa_up","ambienceMaxVolume":100,"points":[{"pos":{"x":2580,"y":-42.3783073425293,"z":-550},"type":0,"time":0},{"pos":{"x":2500,"y":-42.3783073425293,"z":-550},"type":0,"time":0},{"pos":{"x":2500,"y":-42.3783073425293,"z":-630},"type":0,"time":0},{"pos":{"x":2580,"y":-42.3783073425293,"z":-630},"type":0,"time":0}]},{"name":"ambient_town","height":100,"ambience":"ambient_town","ambienceMaxVolume":100,"points":[{"pos":{"x":2580,"y":-35.12899398803711,"z":-250},"type":0,"time":0},{"pos":{"x":2500,"y":-35.12899398803711,"z":-250},"type":0,"time":0},{"pos":{"x":2500,"y":-35.12899398803711,"z":-330},"type":0,"time":0},{"pos":{"x":2580,"y":-35.12899398803711,"z":-330},"type":0,"time":0}]},{"name":"ambient_troll","height":100,"ambience":"ambient_troll","ambienceMaxVolume":100,"points":[{"pos":{"x":2580,"y":-45.35755157470703,"z":50},"type":0,"time":0},{"pos":{"x":2500,"y":-45.35755157470703,"z":50},"type":0,"time":0},{"pos":{"x":2500,"y":-45.35755157470703,"z":-30},"type":0,"time":0},{"pos":{"x":2580,"y":-45.35755157470703,"z":-30},"type":0,"time":0}]},{"name":"reverb_test","height":100,"ambience":"reverb_test","ambienceMaxVolume":100,"points":[{"pos":{"x":2580,"y":-45.13998031616211,"z":350},"type":0,"time":0},{"pos":{"x":2500,"y":-45.13998031616211,"z":350},"type":0,"time":0},{"pos":{"x":2500,"y":-45.13998031616211,"z":270},"type":0,"time":0},{"pos":{"x":2580,"y":-45.13998031616211,"z":270},"type":0,"time":0}]},{"name":"stress","height":100,"ambience":"stress","ambienceMaxVolume":100,"points":[{"pos":{"x":2580,"y":-43.082611083984375,"z":650},"type":0,"time":0},{"pos":{"x":2500,"y":-43.082611083984375,"z":650},"type":0,"time":0},{"pos":{"x":2500,"y":-43.082611083984375,"z":570},"type":0,"time":0},{"pos":{"x":2580,"y":-43.082611083984375,"z":570},"type":0,"time":0}]},{"name":"none","backgroundColor":{"r":68,"g":68,"b":68,"a":1},"drawDistance":10000,"height":10,"ambience":"none","ambienceMaxVolume":100,"points":[{"pos":{"x":2900,"y":-20,"z":850},"type":0,"time":0},{"pos":{"x":-200,"y":-20,"z":850},"type":0,"time":0},{"pos":{"x":-200,"y":-20,"z":-850},"type":0,"time":0},{"pos":{"x":2900,"y":-20,"z":-850},"type":0,"time":0}]}],"interactiveObjects":[{"identifier":1,"name":"system/marker","pos":{"x":0,"y":0,"z":0},"angle":{"a":0,"b":0,"g":0}},{"identifier":2,"name":"system/marker","pos":{"x":150,"y":10,"z":-600},"angle":{"a":0,"b":0,"g":0}},{"identifier":3,"name":"system/marker","pos":{"x":150,"y":10,"z":-300},"angle":{"a":0,"b":0,"g":0}},{"identifier":4,"name":"system/marker","pos":{"x":150,"y":10,"z":0},"angle":{"a":0,"b":0,"g":0}},{"identifier":5,"name":"system/marker","pos":{"x":150,"y":10,"z":300},"angle":{"a":0,"b":0,"g":0}},{"identifier":6,"name":"system/marker","pos":{"x":150,"y":10,"z":600},"angle":{"a":0,"b":0,"g":0}},{"identifier":7,"name":"system/marker","pos":{"x":450,"y":10,"z":-600},"angle":{"a":0,"b":0,"g":0}},{"identifier":8,"name":"system/marker","pos":{"x":450,"y":10,"z":-300},"angle":{"a":0,"b":0,"g":0}},{"identifier":9,"name":"system/marker","pos":{"x":450,"y":10,"z":0},"angle":{"a":0,"b":0,"g":0}},{"identifier":10,"name":"system/marker","pos":{"x":450,"y":10,"z":300},"angle":{"a":0,"b":0,"g":0}},{"identifier":11,"name":"system/marker","pos":{"x":450,"y":10,"z":600},"angle":{"a":0,"b":0,"g":0}},{"identifier":12,"name":"system/marker","pos":{"x":750,"y":10,"z":-600},"angle":{"a":0,"b":0,"g":0}},{"identifier":13,"name":"system/marker","pos":{"x":750,"y":10,"z":-300},"angle":{"a":0,"b":0,"g":0}},{"identifier":14,"name":"system/marker","pos":{"x":750,"y":10,"z":0},"angle":{"a":0,"b":0,"g":0}},{"identifier":15,"name":"system/marker","pos":{"x":750,"y":10,"z":300},"angle":{"a":0,"b":0,"g":0}},{"identifier":16,"name":"system/marker","pos":{"x":750,"y":10,"z":600},"angle":{"a":0,"b":0,"g":0}},{"identifier":17,"name":"system/marker","pos":{"x":1050,"y":10,"z":-600},"angle":{"a":0,"b":0,"g":0}},{"identifier":18,"name":"system/marker","pos":{"x":1050,"y":10,"z":-300},"angle":{"a":0,"b":0,"g":0}},{"identifier":19,"name":"system/marker","pos":{"x":1050,"y":10,"z":0},"angle":{"a":0,"b":0,"g":0}},{"identifier":20,"name":"system/marker","pos":{"x":1050,"y":10,"z":300},"angle":{"a":0,"b":0,"g":0}},{"identifier":21,"name":"system/marker","pos":{"x":1050,"y":10,"z":600},"angle":{"a":0,"b":0,"g":0}},{"identifier":22,"name":"system/marker","pos":{"x":1350,"y":10,"z":-600},"angle":{"a":0,"b":0,"g":0}},{"identifier":23,"name":"system/marker","pos":{"x":1350,"y":10,"z":-300},"angle":{"a":0,"b":0,"g":0}},{"identifier":24,"name":"system/marker","pos":{"x":1350,"y":10,"z":0},"angle":{"a":0,"b":0,"g":0}},{"identifier":25,"name":"system/marker","pos":{"x":1350,"y":10,"z":300},"angle":{"a":0,"b":0,"g":0}},{"identifier":26,"name":"system/marker","pos":{"x":1350,"y":10,"z":600},"angle":{"a":0,"b":0,"g":0}},{"identifier":27,"name":"system/marker","pos":{"x":1650,"y":10,"z":-600},"angle":{"a":0,"b":0,"g":0}},{"identifier":28,"name":"system/marker","pos":{"x":1650,"y":10,"z":-300},"angle":{"a":0,"b":0,"g":0}},{"identifier":29,"name":"system/marker","pos":{"x":1650,"y":10,"z":0},"angle":{"a":0,"b":0,"g":0}},{"identifier":30,"name":"system/marker","pos":{"x":1650,"y":10,"z":300},"angle":{"a":0,"b":0,"g":0}},{"identifier":31,"name":"system/marker","pos":{"x":1650,"y":10,"z":600},"angle":{"a":0,"b":0,"g":0}},{"identifier":32,"name":"system/marker","pos":{"x":1950,"y":10,"z":-600},"angle":{"a":0,"b":0,"g":0}},{"identifier":33,"name":"system/marker","pos":{"x":1950,"y":10,"z":-300},"angle":{"a":0,"b":0,"g":0}},{"identifier":34,"name":"system/marker","pos":{"x":1950,"y":10,"z":0},"angle":{"a":0,"b":0,"g":0}},{"identifier":35,"name":"system/marker","pos":{"x":1950,"y":10,"z":300},"angle":{"a":0,"b":0,"g":0}},{"identifier":36,"name":"system/marker","pos":{"x":1950,"y":10,"z":600},"angle":{"a":0,"b":0,"g":0}},{"identifier":37,"name":"system/marker","pos":{"x":2250,"y":10,"z":-600},"angle":{"a":0,"b":0,"g":0}},{"identifier":38,"name":"system/marker","pos":{"x":2250,"y":10,"z":-300},"angle":{"a":0,"b":0,"g":0}},{"identifier":39,"name":"system/marker","pos":{"x":2250,"y":10,"z":0},"angle":{"a":0,"b":0,"g":0}},{"identifier":40,"name":"system/marker","pos":{"x":2250,"y":10,"z":300},"angle":{"a":0,"b":0,"g":0}},{"identifier":41,"name":"system/marker","pos":{"x":2250,"y":10,"z":600},"angle":{"a":0,"b":0,"g":0}},{"identifier":42,"name":"system/marker","pos":{"x":2550,"y":10,"z":-600},"angle":{"a":0,"b":0,"g":0}},{"identifier":43,"name":"system/marker","pos":{"x":2550,"y":10,"z":-300},"angle":{"a":0,"b":0,"g":0}},{"identifier":44,"name":"system/marker","pos":{"x":2550,"y":10,"z":0},"angle":{"a":0,"b":0,"g":0}},{"identifier":45,"name":"system/marker","pos":{"x":2550,"y":10,"z":300},"angle":{"a":0,"b":0,"g":0}},{"identifier":46,"name":"system/marker","pos":{"x":2550,"y":10,"z":600},"angle":{"a":0,"b":0,"g":0}},{"identifier":1,"name":"items/movable/bones/bone_bassin.asl","pos":{"x":900.0301286938895,"y":23.533090339556445,"z":-117.5666609522143},"angle":{"a":-7.625099337910612,"b":196.05903087229564,"g":13.909867098362298}},{"identifier":2,"name":"items/movable/skull","pos":{"x":959.1558308324602,"y":2.7528202235942656,"z":28.992155887734725},"angle":{"a":-14.392921618756361,"b":63.70933478702958,"g":5.841743164207301}},{"identifier":3,"name":"items/movable/skull","pos":{"x":2497.019140596746,"y":1.6890252900489218,"z":-103.02432272464387},"angle":{"a":38.53523990288758,"b":44.23637307041936,"g":13.835688481808646}},{"identifier":4,"name":"items/movable/bones/bone_bassin.asl","pos":{"x":671.6635529117186,"y":19.85576778177908,"z":-575.4169518304133},"angle":{"a":17.701666833648574,"b":273.4395028240757,"g":-39.58263298991877}},{"identifier":5,"name":"items/movable/bones/bone_bassin.asl","pos":{"x":2744.17483527886,"y":23.207570717291745,"z":-737.312779951196},"angle":{"a":-44.25518290289403,"b":151.46256959357882,"g":-8.067152272779438}},{"identifier":6,"name":"items/movable/skull","pos":{"x":856.1293200539922,"y":6.3368320732698225,"z":-183.337157753189},"angle":{"a":26.121872568380102,"b":85.72937998753473,"g":24.08092880199534}},{"identifier":7,"name":"items/provisions/bone","pos":{"x":2754.468800158024,"y":5.896263857624411,"z":63.92713797597355},"angle":{"a":-28.74983487361394,"b":156.14660261143777,"g":43.98927178124711}},{"identifier":8,"name":"items/movable/skull","pos":{"x":105.56419063332504,"y":3.202426154895286,"z":-761.0186403242304},"angle":{"a":34.11191742755406,"b":282.09498577992525,"g":33.61232327849247}},{"identifier":9,"name":"items/movable/bones/bone_bassin.asl","pos":{"x":1591.387766267672,"y":24.665530739621403,"z":-452.8265039558721},"angle":{"a":-44.12907352112006,"b":287.1214843482962,"g":-32.42115522266179}},{"identifier":10,"name":"items/movable/skull","pos":{"x":76.10610762909869,"y":6.517778078047826,"z":719.7294022413071},"angle":{"a":-29.022906282674658,"b":58.61074904064923,"g":29.825603148869178}},{"identifier":11,"name":"items/movable/bones/bone_bassin.asl","pos":{"x":80.31364047115704,"y":18.496295785379502,"z":-127.13990475095068},"angle":{"a":-3.8760841638946535,"b":183.593021992923,"g":-21.24354660473302}},{"identifier":12,"name":"items/movable/skull","pos":{"x":1042.9256063646499,"y":7.424397255244973,"z":369.7499277920806},"angle":{"a":1.125046168028483,"b":52.42578773250388,"g":-15.22216130875128}},{"identifier":13,"name":"items/movable/skull","pos":{"x":1902.1520033333754,"y":1.2524969947860747,"z":67.4687749358169},"angle":{"a":39.950449955210914,"b":295.36151742656205,"g":-27.936271695961906}},{"identifier":14,"name":"items/movable/skull","pos":{"x":2676.2096754566437,"y":5.095380968608325,"z":-267.1126867384079},"angle":{"a":-12.19517212528853,"b":262.8552624980762,"g":-43.70741893453975}},{"identifier":15,"name":"items/provisions/bone","pos":{"x":2056.6539915008398,"y":9.44111992901515,"z":-178.32113052376087},"angle":{"a":24.610013666875886,"b":19.463671313160642,"g":-33.68607732784143}},{"identifier":16,"name":"items/movable/bones/bone_bassin.asl","pos":{"x":-85.6480996317666,"y":21.761018103230235,"z":-650.886718124882},"angle":{"a":8.87869283366122,"b":111.3332113556988,"g":-16.030395093634183}},{"identifier":17,"name":"items/provisions/bone","pos":{"x":541.9339486900845,"y":9.150578566592435,"z":-346.2415381309728},"angle":{"a":1.733590453948807,"b":225.6024737135762,"g":-12.807081287251329}},{"identifier":18,"name":"items/movable/bones/bone_bassin.asl","pos":{"x":1464.2383840552718,"y":19.069137879383067,"z":-456.543559975262},"angle":{"a":-13.071716658808203,"b":177.0743026050539,"g":19.360141452633542}},{"identifier":19,"name":"items/provisions/bone","pos":{"x":677.2403809788191,"y":2.2621883756459864,"z":-635.6910758154972},"angle":{"a":-37.881626939460816,"b":83.6607254544832,"g":-27.77913773588637}},{"identifier":20,"name":"items/movable/bones/bone_bassin.asl","pos":{"x":2153.7234308225943,"y":23.948608483102618,"z":-479.1936435997038},"angle":{"a":32.02210744937399,"b":146.61279451710058,"g":22.611803210943023}},{"identifier":21,"name":"items/movable/bones/bone_bassin.asl","pos":{"x":503.57133169202575,"y":20.993799292439604,"z":-437.9170183635},"angle":{"a":13.303753370603118,"b":0.4405755875168576,"g":36.54663697549972}},{"identifier":22,"name":"items/movable/skull","pos":{"x":1272.3485947885592,"y":2.973281715351959,"z":184.04113864646354},"angle":{"a":-0.9335054805956845,"b":172.4797954721494,"g":-41.245706038102114}},{"identifier":23,"name":"items/movable/skull","pos":{"x":385.01762415648534,"y":8.164993743820984,"z":154.1272580188363},"angle":{"a":-4.51713779833598,"b":203.66758119095024,"g":-14.105946410180863}},{"identifier":24,"name":"items/movable/skull","pos":{"x":930.5188879396587,"y":5.610304362309718,"z":-344.2251606808564},"angle":{"a":18.563068148733414,"b":164.7600662173668,"g":-39.34014956587647}},{"identifier":25,"name":"items/movable/skull","pos":{"x":1260.2605754911726,"y":7.599402518828565,"z":-457.08910466230645},"angle":{"a":26.180277919339588,"b":36.516420961309606,"g":41.5465363466724}},{"identifier":26,"name":"items/movable/skull","pos":{"x":2655.614576445117,"y":1.417888425956173,"z":593.1921537093035},"angle":{"a":24.70349643877823,"b":78.38721234001723,"g":-18.197495006910493}},{"identifier":27,"name":"items/movable/bones/bone_bassin.asl","pos":{"x":960.7615649462696,"y":20.88902057140956,"z":-595.5743691778978},"angle":{"a":-12.386542465460614,"b":62.47170286491108,"g":-25.150503818257206}},{"identifier":28,"name":"items/movable/skull","pos":{"x":644.9791079052252,"y":8.456327223769645,"z":-181.48262970025917},"angle":{"a":19.57943404738687,"b":291.8961698703219,"g":-1.792180886777828}},{"identifier":29,"name":"items/provisions/bone","pos":{"x":2636.4465848861946,"y":6.511334308141303,"z":-365.43589414404653},"angle":{"a":-2.062310062303311,"b":157.18239250252563,"g":3.071712943259996}},{"identifier":30,"name":"items/movable/bones/bone_bassin.asl","pos":{"x":-1.3534864283877255,"y":19.561627291037112,"z":-696.5650260384916},"angle":{"a":-1.2754160718361973,"b":82.56031124559749,"g":-10.144264166413635}},{"identifier":31,"name":"items/provisions/bone","pos":{"x":1695.057030439425,"y":3.600355643196221,"z":130.90504564508637},"angle":{"a":-21.698014744607008,"b":174.08251620653456,"g":-17.596032195981543}},{"identifier":32,"name":"items/movable/bones/bone_bassin.asl","pos":{"x":1898.9942399668007,"y":22.284390867043957,"z":101.39880680795409},"angle":{"a":13.251761443269956,"b":187.41414404794227,"g":24.11003715912713}},{"identifier":33,"name":"items/movable/skull","pos":{"x":986.1909186319672,"y":6.0262629192315895,"z":134.35043427711173},"angle":{"a":39.67762788717104,"b":301.40259696853354,"g":30.07428404223073}},{"identifier":34,"name":"items/movable/skull","pos":{"x":797.5224145187525,"y":5.633278757580117,"z":-318.54751423504507},"angle":{"a":-31.127453966229105,"b":214.38854273057353,"g":-33.17898124694233}},{"identifier":35,"name":"items/movable/bones/bone_bassin.asl","pos":{"x":1501.8673846262157,"y":20.350865777675686,"z":607.5186529484788},"angle":{"a":-40.59899272244865,"b":98.38978298502307,"g":-13.77445241085112}},{"identifier":36,"name":"items/provisions/bone","pos":{"x":1237.307081312646,"y":8.691600768019121,"z":151.978108007051},"angle":{"a":1.818550075686673,"b":212.34382268654053,"g":32.59084403461762}}]}